file_name,caption,Label,caption_type
test/Benign/2_0.png,"A B-mode ultrasound of the thyroid, labeled benign.",benign,tissue+condition
test/Benign/2_1.png,An ultrasound image of the thyroid with benign findings.,benign,tissue+condition
test/Benign/2_10.png,"A clinical ultrasound scan of the thyroid, categorized as benign.",benign,tissue+condition
test/Benign/2_11.png,This ultrasound image shows the thyroid with a benign label.,benign,tissue+condition
test/Benign/2_12.png,This ultrasound image shows the thyroid with a benign label.,benign,tissue+condition
test/Benign/2_13.png,Sonographic appearance of benign thyroid.,benign,tissue+condition
test/Benign/2_14.png,"A B-mode ultrasound of the thyroid, labeled benign.",benign,tissue+condition
test/Benign/2_15.png,Ultrasound of the thyroid with benign appearance.,benign,tissue+condition
test/Benign/2_16.png,"A B-mode ultrasound of the thyroid, labeled benign.",benign,tissue+condition
test/Benign/2_17.png,A grayscale ultrasound image demonstrating benign changes in the thyroid.,benign,tissue+condition
test/Benign/2_18.png,This sonogram of the thyroid is labeled benign.,benign,tissue+condition
test/Benign/2_19.png,An ultrasound image of the thyroid with benign findings.,benign,tissue+condition
test/Benign/2_2.png,An ultrasound image of the thyroid with benign findings.,benign,tissue+condition
test/Benign/2_20.png,"A B-mode ultrasound of the thyroid, labeled benign.",benign,tissue+condition
test/Benign/2_21.png,This ultrasound image shows the thyroid with a benign label.,benign,tissue+condition
test/Benign/2_22.png,This ultrasound image shows the thyroid with a benign label.,benign,tissue+condition
test/Benign/2_23.png,Ultrasound of the thyroid with benign appearance.,benign,tissue+condition
test/Benign/2_24.png,A grayscale ultrasound image demonstrating benign changes in the thyroid.,benign,tissue+condition
test/Benign/2_25.png,An ultrasound image of the thyroid with benign findings.,benign,tissue+condition
test/Benign/2_26.png,Ultrasound of the thyroid with benign appearance.,benign,tissue+condition
test/Benign/2_27.png,This ultrasound image shows the thyroid with a benign label.,benign,tissue+condition
test/Benign/2_28.png,Ultrasound of the thyroid with benign appearance.,benign,tissue+condition
test/Benign/2_29.png,This sonogram of the thyroid is labeled benign.,benign,tissue+condition
test/Benign/2_3.png,This ultrasound image shows the thyroid with a benign label.,benign,tissue+condition
test/Benign/2_30.png,"A diagnostic ultrasound image of the thyroid, tagged as benign.",benign,tissue+condition
test/Benign/2_31.png,A grayscale ultrasound image demonstrating benign changes in the thyroid.,benign,tissue+condition
test/Benign/2_32.png,"A clinical ultrasound scan of the thyroid, categorized as benign.",benign,tissue+condition
test/Benign/2_33.png,An ultrasound image of the thyroid with benign findings.,benign,tissue+condition
test/Benign/2_34.png,Sonographic appearance of benign thyroid.,benign,tissue+condition
test/Benign/2_35.png,This sonogram of the thyroid is labeled benign.,benign,tissue+condition
test/Benign/2_36.png,Echographic appearance of the thyroid with benign features.,benign,tissue+condition
test/Benign/2_37.png,"A clinical ultrasound scan of the thyroid, categorized as benign.",benign,tissue+condition
test/Benign/2_38.png,Sonographic appearance of benign thyroid.,benign,tissue+condition
test/Benign/2_39.png,This ultrasound image shows the thyroid with a benign label.,benign,tissue+condition
test/Benign/2_4.png,Echographic appearance of the thyroid with benign features.,benign,tissue+condition
test/Benign/2_40.png,"A B-mode ultrasound of the thyroid, labeled benign.",benign,tissue+condition
test/Benign/2_5.png,"A B-mode ultrasound of the thyroid, labeled benign.",benign,tissue+condition
test/Benign/2_6.png,This sonogram of the thyroid is labeled benign.,benign,tissue+condition
test/Benign/2_7.png,"A B-mode ultrasound of the thyroid, labeled benign.",benign,tissue+condition
test/Benign/2_8.png,Echographic appearance of the thyroid with benign features.,benign,tissue+condition
test/Benign/2_9.png,Echographic appearance of the thyroid with benign features.,benign,tissue+condition
test/Benign/3_0.png,A grayscale ultrasound image demonstrating benign changes in the thyroid.,benign,tissue+condition
test/Benign/3_1.png,"A clinical ultrasound scan of the thyroid, categorized as benign.",benign,tissue+condition
test/Benign/3_10.png,An ultrasound image of the thyroid with benign findings.,benign,tissue+condition
test/Benign/3_11.png,"A diagnostic ultrasound image of the thyroid, tagged as benign.",benign,tissue+condition
test/Benign/3_12.png,Ultrasound of the thyroid with benign appearance.,benign,tissue+condition
test/Benign/3_13.png,"A B-mode ultrasound of the thyroid, labeled benign.",benign,tissue+condition
test/Benign/3_14.png,This sonogram of the thyroid is labeled benign.,benign,tissue+condition
test/Benign/3_15.png,"A B-mode ultrasound of the thyroid, labeled benign.",benign,tissue+condition
test/Benign/3_16.png,Ultrasound of the thyroid with benign appearance.,benign,tissue+condition
test/Benign/3_17.png,"A clinical ultrasound scan of the thyroid, categorized as benign.",benign,tissue+condition
test/Benign/3_18.png,A grayscale ultrasound image demonstrating benign changes in the thyroid.,benign,tissue+condition
test/Benign/3_2.png,Echographic appearance of the thyroid with benign features.,benign,tissue+condition
test/Benign/3_3.png,A grayscale ultrasound image demonstrating benign changes in the thyroid.,benign,tissue+condition
test/Benign/3_4.png,This ultrasound image shows the thyroid with a benign label.,benign,tissue+condition
test/Benign/3_5.png,"A B-mode ultrasound of the thyroid, labeled benign.",benign,tissue+condition
test/Benign/3_6.png,An ultrasound image of the thyroid with benign findings.,benign,tissue+condition
test/Benign/3_7.png,This ultrasound image shows the thyroid with a benign label.,benign,tissue+condition
test/Benign/3_8.png,"A clinical ultrasound scan of the thyroid, categorized as benign.",benign,tissue+condition
test/Benign/3_9.png,"A B-mode ultrasound of the thyroid, labeled benign.",benign,tissue+condition
test/Malignant/4A_0.png,This ultrasound image shows the thyroid with a malignant label.,malignant,tissue+condition
test/Malignant/4A_1.png,"A B-mode ultrasound of the thyroid, labeled malignant.",malignant,tissue+condition
test/Malignant/4A_10.png,This sonogram of the thyroid is labeled malignant.,malignant,tissue+condition
test/Malignant/4A_11.png,"A clinical ultrasound scan of the thyroid, categorized as malignant.",malignant,tissue+condition
test/Malignant/4A_12.png,"A diagnostic ultrasound image of the thyroid, tagged as malignant.",malignant,tissue+condition
test/Malignant/4A_13.png,Echographic appearance of the thyroid with malignant features.,malignant,tissue+condition
test/Malignant/4A_14.png,Sonographic appearance of malignant thyroid.,malignant,tissue+condition
test/Malignant/4A_15.png,Echographic appearance of the thyroid with malignant features.,malignant,tissue+condition
test/Malignant/4A_16.png,Echographic appearance of the thyroid with malignant features.,malignant,tissue+condition
test/Malignant/4A_17.png,This ultrasound image shows the thyroid with a malignant label.,malignant,tissue+condition
test/Malignant/4A_18.png,"A clinical ultrasound scan of the thyroid, categorized as malignant.",malignant,tissue+condition
test/Malignant/4A_19.png,"A B-mode ultrasound of the thyroid, labeled malignant.",malignant,tissue+condition
test/Malignant/4A_2.png,A grayscale ultrasound image demonstrating malignant changes in the thyroid.,malignant,tissue+condition
test/Malignant/4A_20.png,Sonographic appearance of malignant thyroid.,malignant,tissue+condition
test/Malignant/4A_21.png,Ultrasound of the thyroid with malignant appearance.,malignant,tissue+condition
test/Malignant/4A_22.png,This ultrasound image shows the thyroid with a malignant label.,malignant,tissue+condition
test/Malignant/4A_23.png,Sonographic appearance of malignant thyroid.,malignant,tissue+condition
test/Malignant/4A_24.png,"A diagnostic ultrasound image of the thyroid, tagged as malignant.",malignant,tissue+condition
test/Malignant/4A_25.png,This sonogram of the thyroid is labeled malignant.,malignant,tissue+condition
test/Malignant/4A_26.png,"A clinical ultrasound scan of the thyroid, categorized as malignant.",malignant,tissue+condition
test/Malignant/4A_27.png,Ultrasound of the thyroid with malignant appearance.,malignant,tissue+condition
test/Malignant/4A_28.png,This ultrasound image shows the thyroid with a malignant label.,malignant,tissue+condition
test/Malignant/4A_29.png,Echographic appearance of the thyroid with malignant features.,malignant,tissue+condition
test/Malignant/4A_3.png,An ultrasound image of the thyroid with malignant findings.,malignant,tissue+condition
test/Malignant/4A_30.png,This ultrasound image shows the thyroid with a malignant label.,malignant,tissue+condition
test/Malignant/4A_31.png,An ultrasound image of the thyroid with malignant findings.,malignant,tissue+condition
test/Malignant/4A_32.png,Echographic appearance of the thyroid with malignant features.,malignant,tissue+condition
test/Malignant/4A_33.png,This sonogram of the thyroid is labeled malignant.,malignant,tissue+condition
test/Malignant/4A_34.png,"A clinical ultrasound scan of the thyroid, categorized as malignant.",malignant,tissue+condition
test/Malignant/4A_35.png,"A B-mode ultrasound of the thyroid, labeled malignant.",malignant,tissue+condition
test/Malignant/4A_36.png,This ultrasound image shows the thyroid with a malignant label.,malignant,tissue+condition
test/Malignant/4A_37.png,A grayscale ultrasound image demonstrating malignant changes in the thyroid.,malignant,tissue+condition
test/Malignant/4A_38.png,Echographic appearance of the thyroid with malignant features.,malignant,tissue+condition
test/Malignant/4A_39.png,This ultrasound image shows the thyroid with a malignant label.,malignant,tissue+condition
test/Malignant/4A_4.png,"A diagnostic ultrasound image of the thyroid, tagged as malignant.",malignant,tissue+condition
test/Malignant/4A_40.png,This sonogram of the thyroid is labeled malignant.,malignant,tissue+condition
test/Malignant/4A_41.png,"A diagnostic ultrasound image of the thyroid, tagged as malignant.",malignant,tissue+condition
test/Malignant/4A_42.png,Sonographic appearance of malignant thyroid.,malignant,tissue+condition
test/Malignant/4A_43.png,"A clinical ultrasound scan of the thyroid, categorized as malignant.",malignant,tissue+condition
test/Malignant/4A_44.png,Sonographic appearance of malignant thyroid.,malignant,tissue+condition
test/Malignant/4A_45.png,This ultrasound image shows the thyroid with a malignant label.,malignant,tissue+condition
test/Malignant/4A_46.png,Ultrasound of the thyroid with malignant appearance.,malignant,tissue+condition
test/Malignant/4A_47.png,Ultrasound of the thyroid with malignant appearance.,malignant,tissue+condition
test/Malignant/4A_48.png,"A clinical ultrasound scan of the thyroid, categorized as malignant.",malignant,tissue+condition
test/Malignant/4A_49.png,A grayscale ultrasound image demonstrating malignant changes in the thyroid.,malignant,tissue+condition
test/Malignant/4A_5.png,This sonogram of the thyroid is labeled malignant.,malignant,tissue+condition
test/Malignant/4A_50.png,A grayscale ultrasound image demonstrating malignant changes in the thyroid.,malignant,tissue+condition
test/Malignant/4A_51.png,This sonogram of the thyroid is labeled malignant.,malignant,tissue+condition
test/Malignant/4A_52.png,Echographic appearance of the thyroid with malignant features.,malignant,tissue+condition
test/Malignant/4A_53.png,This ultrasound image shows the thyroid with a malignant label.,malignant,tissue+condition
test/Malignant/4A_54.png,Sonographic appearance of malignant thyroid.,malignant,tissue+condition
test/Malignant/4A_55.png,Ultrasound of the thyroid with malignant appearance.,malignant,tissue+condition
test/Malignant/4A_56.png,"A diagnostic ultrasound image of the thyroid, tagged as malignant.",malignant,tissue+condition
test/Malignant/4A_57.png,"A B-mode ultrasound of the thyroid, labeled malignant.",malignant,tissue+condition
test/Malignant/4A_58.png,An ultrasound image of the thyroid with malignant findings.,malignant,tissue+condition
test/Malignant/4A_59.png,"A B-mode ultrasound of the thyroid, labeled malignant.",malignant,tissue+condition
test/Malignant/4A_6.png,Sonographic appearance of malignant thyroid.,malignant,tissue+condition
test/Malignant/4A_60.png,Sonographic appearance of malignant thyroid.,malignant,tissue+condition
test/Malignant/4A_61.png,This sonogram of the thyroid is labeled malignant.,malignant,tissue+condition
test/Malignant/4A_62.png,A grayscale ultrasound image demonstrating malignant changes in the thyroid.,malignant,tissue+condition
test/Malignant/4A_63.png,"A B-mode ultrasound of the thyroid, labeled malignant.",malignant,tissue+condition
test/Malignant/4A_64.png,This sonogram of the thyroid is labeled malignant.,malignant,tissue+condition
test/Malignant/4A_65.png,This sonogram of the thyroid is labeled malignant.,malignant,tissue+condition
test/Malignant/4A_66.png,A grayscale ultrasound image demonstrating malignant changes in the thyroid.,malignant,tissue+condition
test/Malignant/4A_67.png,"A diagnostic ultrasound image of the thyroid, tagged as malignant.",malignant,tissue+condition
test/Malignant/4A_68.png,Ultrasound of the thyroid with malignant appearance.,malignant,tissue+condition
test/Malignant/4A_69.png,"A clinical ultrasound scan of the thyroid, categorized as malignant.",malignant,tissue+condition
test/Malignant/4A_7.png,Ultrasound of the thyroid with malignant appearance.,malignant,tissue+condition
test/Malignant/4A_70.png,An ultrasound image of the thyroid with malignant findings.,malignant,tissue+condition
test/Malignant/4A_71.png,"A B-mode ultrasound of the thyroid, labeled malignant.",malignant,tissue+condition
test/Malignant/4A_72.png,Ultrasound of the thyroid with malignant appearance.,malignant,tissue+condition
test/Malignant/4A_73.png,"A clinical ultrasound scan of the thyroid, categorized as malignant.",malignant,tissue+condition
test/Malignant/4A_74.png,Echographic appearance of the thyroid with malignant features.,malignant,tissue+condition
test/Malignant/4A_75.png,"A B-mode ultrasound of the thyroid, labeled malignant.",malignant,tissue+condition
test/Malignant/4A_76.png,"A clinical ultrasound scan of the thyroid, categorized as malignant.",malignant,tissue+condition
test/Malignant/4A_77.png,This sonogram of the thyroid is labeled malignant.,malignant,tissue+condition
test/Malignant/4A_78.png,Sonographic appearance of malignant thyroid.,malignant,tissue+condition
test/Malignant/4A_79.png,"A diagnostic ultrasound image of the thyroid, tagged as malignant.",malignant,tissue+condition
test/Malignant/4A_8.png,An ultrasound image of the thyroid with malignant findings.,malignant,tissue+condition
test/Malignant/4A_80.png,"A clinical ultrasound scan of the thyroid, categorized as malignant.",malignant,tissue+condition
test/Malignant/4A_81.png,Ultrasound of the thyroid with malignant appearance.,malignant,tissue+condition
test/Malignant/4A_82.png,Sonographic appearance of malignant thyroid.,malignant,tissue+condition
test/Malignant/4A_83.png,Ultrasound of the thyroid with malignant appearance.,malignant,tissue+condition
test/Malignant/4A_84.png,"A B-mode ultrasound of the thyroid, labeled malignant.",malignant,tissue+condition
test/Malignant/4A_85.png,"A clinical ultrasound scan of the thyroid, categorized as malignant.",malignant,tissue+condition
test/Malignant/4A_86.png,Ultrasound of the thyroid with malignant appearance.,malignant,tissue+condition
test/Malignant/4A_87.png,A grayscale ultrasound image demonstrating malignant changes in the thyroid.,malignant,tissue+condition
test/Malignant/4A_88.png,This ultrasound image shows the thyroid with a malignant label.,malignant,tissue+condition
test/Malignant/4A_89.png,Sonographic appearance of malignant thyroid.,malignant,tissue+condition
test/Malignant/4A_9.png,Echographic appearance of the thyroid with malignant features.,malignant,tissue+condition
test/Malignant/4A_90.png,Sonographic appearance of malignant thyroid.,malignant,tissue+condition
test/Malignant/4A_91.png,Ultrasound of the thyroid with malignant appearance.,malignant,tissue+condition
test/Malignant/4A_92.png,Ultrasound of the thyroid with malignant appearance.,malignant,tissue+condition
test/Malignant/4A_93.png,An ultrasound image of the thyroid with malignant findings.,malignant,tissue+condition
test/Malignant/4A_94.png,A grayscale ultrasound image demonstrating malignant changes in the thyroid.,malignant,tissue+condition
test/Malignant/4A_95.png,Echographic appearance of the thyroid with malignant features.,malignant,tissue+condition
test/Malignant/4A_96.png,"A diagnostic ultrasound image of the thyroid, tagged as malignant.",malignant,tissue+condition
test/Malignant/4A_97.png,An ultrasound image of the thyroid with malignant findings.,malignant,tissue+condition
test/Malignant/4B_0.png,"A B-mode ultrasound of the thyroid, labeled malignant.",malignant,tissue+condition
test/Malignant/4B_1.png,Echographic appearance of the thyroid with malignant features.,malignant,tissue+condition
test/Malignant/4B_10.png,"A clinical ultrasound scan of the thyroid, categorized as malignant.",malignant,tissue+condition
test/Malignant/4B_11.png,This ultrasound image shows the thyroid with a malignant label.,malignant,tissue+condition
test/Malignant/4B_12.png,An ultrasound image of the thyroid with malignant findings.,malignant,tissue+condition
test/Malignant/4B_13.png,This ultrasound image shows the thyroid with a malignant label.,malignant,tissue+condition
test/Malignant/4B_14.png,A grayscale ultrasound image demonstrating malignant changes in the thyroid.,malignant,tissue+condition
test/Malignant/4B_15.png,"A B-mode ultrasound of the thyroid, labeled malignant.",malignant,tissue+condition
test/Malignant/4B_16.png,"A B-mode ultrasound of the thyroid, labeled malignant.",malignant,tissue+condition
test/Malignant/4B_17.png,"A diagnostic ultrasound image of the thyroid, tagged as malignant.",malignant,tissue+condition
test/Malignant/4B_18.png,"A B-mode ultrasound of the thyroid, labeled malignant.",malignant,tissue+condition
test/Malignant/4B_19.png,Ultrasound of the thyroid with malignant appearance.,malignant,tissue+condition
test/Malignant/4B_2.png,Sonographic appearance of malignant thyroid.,malignant,tissue+condition
test/Malignant/4B_20.png,Sonographic appearance of malignant thyroid.,malignant,tissue+condition
test/Malignant/4B_21.png,"A diagnostic ultrasound image of the thyroid, tagged as malignant.",malignant,tissue+condition
test/Malignant/4B_22.png,Ultrasound of the thyroid with malignant appearance.,malignant,tissue+condition
test/Malignant/4B_23.png,Sonographic appearance of malignant thyroid.,malignant,tissue+condition
test/Malignant/4B_24.png,"A clinical ultrasound scan of the thyroid, categorized as malignant.",malignant,tissue+condition
test/Malignant/4B_25.png,Ultrasound of the thyroid with malignant appearance.,malignant,tissue+condition
test/Malignant/4B_26.png,A grayscale ultrasound image demonstrating malignant changes in the thyroid.,malignant,tissue+condition
test/Malignant/4B_27.png,This sonogram of the thyroid is labeled malignant.,malignant,tissue+condition
test/Malignant/4B_28.png,This ultrasound image shows the thyroid with a malignant label.,malignant,tissue+condition
test/Malignant/4B_29.png,Ultrasound of the thyroid with malignant appearance.,malignant,tissue+condition
test/Malignant/4B_3.png,This ultrasound image shows the thyroid with a malignant label.,malignant,tissue+condition
test/Malignant/4B_30.png,"A clinical ultrasound scan of the thyroid, categorized as malignant.",malignant,tissue+condition
test/Malignant/4B_31.png,This sonogram of the thyroid is labeled malignant.,malignant,tissue+condition
test/Malignant/4B_32.png,Echographic appearance of the thyroid with malignant features.,malignant,tissue+condition
test/Malignant/4B_33.png,"A diagnostic ultrasound image of the thyroid, tagged as malignant.",malignant,tissue+condition
test/Malignant/4B_34.png,Ultrasound of the thyroid with malignant appearance.,malignant,tissue+condition
test/Malignant/4B_35.png,"A diagnostic ultrasound image of the thyroid, tagged as malignant.",malignant,tissue+condition
test/Malignant/4B_36.png,"A B-mode ultrasound of the thyroid, labeled malignant.",malignant,tissue+condition
test/Malignant/4B_37.png,This ultrasound image shows the thyroid with a malignant label.,malignant,tissue+condition
test/Malignant/4B_38.png,This ultrasound image shows the thyroid with a malignant label.,malignant,tissue+condition
test/Malignant/4B_39.png,"A B-mode ultrasound of the thyroid, labeled malignant.",malignant,tissue+condition
test/Malignant/4B_4.png,Echographic appearance of the thyroid with malignant features.,malignant,tissue+condition
test/Malignant/4B_40.png,An ultrasound image of the thyroid with malignant findings.,malignant,tissue+condition
test/Malignant/4B_41.png,A grayscale ultrasound image demonstrating malignant changes in the thyroid.,malignant,tissue+condition
test/Malignant/4B_42.png,Ultrasound of the thyroid with malignant appearance.,malignant,tissue+condition
test/Malignant/4B_43.png,This ultrasound image shows the thyroid with a malignant label.,malignant,tissue+condition
test/Malignant/4B_44.png,A grayscale ultrasound image demonstrating malignant changes in the thyroid.,malignant,tissue+condition
test/Malignant/4B_45.png,This ultrasound image shows the thyroid with a malignant label.,malignant,tissue+condition
test/Malignant/4B_46.png,An ultrasound image of the thyroid with malignant findings.,malignant,tissue+condition
test/Malignant/4B_47.png,"A B-mode ultrasound of the thyroid, labeled malignant.",malignant,tissue+condition
test/Malignant/4B_48.png,An ultrasound image of the thyroid with malignant findings.,malignant,tissue+condition
test/Malignant/4B_49.png,This ultrasound image shows the thyroid with a malignant label.,malignant,tissue+condition
test/Malignant/4B_5.png,"A B-mode ultrasound of the thyroid, labeled malignant.",malignant,tissue+condition
test/Malignant/4B_50.png,An ultrasound image of the thyroid with malignant findings.,malignant,tissue+condition
test/Malignant/4B_51.png,Echographic appearance of the thyroid with malignant features.,malignant,tissue+condition
test/Malignant/4B_52.png,"A B-mode ultrasound of the thyroid, labeled malignant.",malignant,tissue+condition
test/Malignant/4B_53.png,Ultrasound of the thyroid with malignant appearance.,malignant,tissue+condition
test/Malignant/4B_54.png,This ultrasound image shows the thyroid with a malignant label.,malignant,tissue+condition
test/Malignant/4B_55.png,"A clinical ultrasound scan of the thyroid, categorized as malignant.",malignant,tissue+condition
test/Malignant/4B_56.png,"A diagnostic ultrasound image of the thyroid, tagged as malignant.",malignant,tissue+condition
test/Malignant/4B_57.png,This ultrasound image shows the thyroid with a malignant label.,malignant,tissue+condition
test/Malignant/4B_58.png,Ultrasound of the thyroid with malignant appearance.,malignant,tissue+condition
test/Malignant/4B_59.png,Sonographic appearance of malignant thyroid.,malignant,tissue+condition
test/Malignant/4B_6.png,A grayscale ultrasound image demonstrating malignant changes in the thyroid.,malignant,tissue+condition
test/Malignant/4B_60.png,A grayscale ultrasound image demonstrating malignant changes in the thyroid.,malignant,tissue+condition
test/Malignant/4B_61.png,"A diagnostic ultrasound image of the thyroid, tagged as malignant.",malignant,tissue+condition
test/Malignant/4B_62.png,This ultrasound image shows the thyroid with a malignant label.,malignant,tissue+condition
test/Malignant/4B_63.png,"A diagnostic ultrasound image of the thyroid, tagged as malignant.",malignant,tissue+condition
test/Malignant/4B_64.png,This sonogram of the thyroid is labeled malignant.,malignant,tissue+condition
test/Malignant/4B_65.png,This ultrasound image shows the thyroid with a malignant label.,malignant,tissue+condition
test/Malignant/4B_66.png,"A B-mode ultrasound of the thyroid, labeled malignant.",malignant,tissue+condition
test/Malignant/4B_67.png,"A B-mode ultrasound of the thyroid, labeled malignant.",malignant,tissue+condition
test/Malignant/4B_68.png,This sonogram of the thyroid is labeled malignant.,malignant,tissue+condition
test/Malignant/4B_69.png,Echographic appearance of the thyroid with malignant features.,malignant,tissue+condition
test/Malignant/4B_7.png,This sonogram of the thyroid is labeled malignant.,malignant,tissue+condition
test/Malignant/4B_70.png,This sonogram of the thyroid is labeled malignant.,malignant,tissue+condition
test/Malignant/4B_71.png,"A diagnostic ultrasound image of the thyroid, tagged as malignant.",malignant,tissue+condition
test/Malignant/4B_72.png,An ultrasound image of the thyroid with malignant findings.,malignant,tissue+condition
test/Malignant/4B_73.png,"A B-mode ultrasound of the thyroid, labeled malignant.",malignant,tissue+condition
test/Malignant/4B_74.png,An ultrasound image of the thyroid with malignant findings.,malignant,tissue+condition
test/Malignant/4B_75.png,This sonogram of the thyroid is labeled malignant.,malignant,tissue+condition
test/Malignant/4B_76.png,Echographic appearance of the thyroid with malignant features.,malignant,tissue+condition
test/Malignant/4B_77.png,"A B-mode ultrasound of the thyroid, labeled malignant.",malignant,tissue+condition
test/Malignant/4B_78.png,This ultrasound image shows the thyroid with a malignant label.,malignant,tissue+condition
test/Malignant/4B_79.png,This ultrasound image shows the thyroid with a malignant label.,malignant,tissue+condition
test/Malignant/4B_8.png,This ultrasound image shows the thyroid with a malignant label.,malignant,tissue+condition
test/Malignant/4B_9.png,Ultrasound of the thyroid with malignant appearance.,malignant,tissue+condition
test/Malignant/4C_0.png,"A diagnostic ultrasound image of the thyroid, tagged as malignant.",malignant,tissue+condition
test/Malignant/4C_1.png,Sonographic appearance of malignant thyroid.,malignant,tissue+condition
test/Malignant/4C_10.png,This sonogram of the thyroid is labeled malignant.,malignant,tissue+condition
test/Malignant/4C_11.png,Sonographic appearance of malignant thyroid.,malignant,tissue+condition
test/Malignant/4C_12.png,"A clinical ultrasound scan of the thyroid, categorized as malignant.",malignant,tissue+condition
test/Malignant/4C_13.png,"A diagnostic ultrasound image of the thyroid, tagged as malignant.",malignant,tissue+condition
test/Malignant/4C_14.png,This ultrasound image shows the thyroid with a malignant label.,malignant,tissue+condition
test/Malignant/4C_15.png,"A B-mode ultrasound of the thyroid, labeled malignant.",malignant,tissue+condition
test/Malignant/4C_16.png,"A diagnostic ultrasound image of the thyroid, tagged as malignant.",malignant,tissue+condition
test/Malignant/4C_17.png,Ultrasound of the thyroid with malignant appearance.,malignant,tissue+condition
test/Malignant/4C_18.png,"A B-mode ultrasound of the thyroid, labeled malignant.",malignant,tissue+condition
test/Malignant/4C_19.png,An ultrasound image of the thyroid with malignant findings.,malignant,tissue+condition
test/Malignant/4C_2.png,Ultrasound of the thyroid with malignant appearance.,malignant,tissue+condition
test/Malignant/4C_20.png,An ultrasound image of the thyroid with malignant findings.,malignant,tissue+condition
test/Malignant/4C_21.png,"A B-mode ultrasound of the thyroid, labeled malignant.",malignant,tissue+condition
test/Malignant/4C_22.png,This ultrasound image shows the thyroid with a malignant label.,malignant,tissue+condition
test/Malignant/4C_23.png,Sonographic appearance of malignant thyroid.,malignant,tissue+condition
test/Malignant/4C_24.png,This sonogram of the thyroid is labeled malignant.,malignant,tissue+condition
test/Malignant/4C_25.png,"A diagnostic ultrasound image of the thyroid, tagged as malignant.",malignant,tissue+condition
test/Malignant/4C_26.png,"A diagnostic ultrasound image of the thyroid, tagged as malignant.",malignant,tissue+condition
test/Malignant/4C_27.png,This ultrasound image shows the thyroid with a malignant label.,malignant,tissue+condition
test/Malignant/4C_28.png,This sonogram of the thyroid is labeled malignant.,malignant,tissue+condition
test/Malignant/4C_29.png,An ultrasound image of the thyroid with malignant findings.,malignant,tissue+condition
test/Malignant/4C_3.png,Sonographic appearance of malignant thyroid.,malignant,tissue+condition
test/Malignant/4C_30.png,This sonogram of the thyroid is labeled malignant.,malignant,tissue+condition
test/Malignant/4C_31.png,An ultrasound image of the thyroid with malignant findings.,malignant,tissue+condition
test/Malignant/4C_32.png,This sonogram of the thyroid is labeled malignant.,malignant,tissue+condition
test/Malignant/4C_33.png,"A clinical ultrasound scan of the thyroid, categorized as malignant.",malignant,tissue+condition
test/Malignant/4C_34.png,"A diagnostic ultrasound image of the thyroid, tagged as malignant.",malignant,tissue+condition
test/Malignant/4C_35.png,"A clinical ultrasound scan of the thyroid, categorized as malignant.",malignant,tissue+condition
test/Malignant/4C_36.png,This sonogram of the thyroid is labeled malignant.,malignant,tissue+condition
test/Malignant/4C_37.png,Ultrasound of the thyroid with malignant appearance.,malignant,tissue+condition
test/Malignant/4C_38.png,"A diagnostic ultrasound image of the thyroid, tagged as malignant.",malignant,tissue+condition
test/Malignant/4C_39.png,Sonographic appearance of malignant thyroid.,malignant,tissue+condition
test/Malignant/4C_4.png,This ultrasound image shows the thyroid with a malignant label.,malignant,tissue+condition
test/Malignant/4C_40.png,"A clinical ultrasound scan of the thyroid, categorized as malignant.",malignant,tissue+condition
test/Malignant/4C_41.png,This ultrasound image shows the thyroid with a malignant label.,malignant,tissue+condition
test/Malignant/4C_42.png,An ultrasound image of the thyroid with malignant findings.,malignant,tissue+condition
test/Malignant/4C_43.png,A grayscale ultrasound image demonstrating malignant changes in the thyroid.,malignant,tissue+condition
test/Malignant/4C_44.png,Ultrasound of the thyroid with malignant appearance.,malignant,tissue+condition
test/Malignant/4C_45.png,An ultrasound image of the thyroid with malignant findings.,malignant,tissue+condition
test/Malignant/4C_46.png,Echographic appearance of the thyroid with malignant features.,malignant,tissue+condition
test/Malignant/4C_47.png,An ultrasound image of the thyroid with malignant findings.,malignant,tissue+condition
test/Malignant/4C_48.png,An ultrasound image of the thyroid with malignant findings.,malignant,tissue+condition
test/Malignant/4C_49.png,A grayscale ultrasound image demonstrating malignant changes in the thyroid.,malignant,tissue+condition
test/Malignant/4C_5.png,"A diagnostic ultrasound image of the thyroid, tagged as malignant.",malignant,tissue+condition
test/Malignant/4C_50.png,Ultrasound of the thyroid with malignant appearance.,malignant,tissue+condition
test/Malignant/4C_51.png,Ultrasound of the thyroid with malignant appearance.,malignant,tissue+condition
test/Malignant/4C_52.png,Sonographic appearance of malignant thyroid.,malignant,tissue+condition
test/Malignant/4C_53.png,An ultrasound image of the thyroid with malignant findings.,malignant,tissue+condition
test/Malignant/4C_54.png,Ultrasound of the thyroid with malignant appearance.,malignant,tissue+condition
test/Malignant/4C_55.png,"A B-mode ultrasound of the thyroid, labeled malignant.",malignant,tissue+condition
test/Malignant/4C_56.png,Sonographic appearance of malignant thyroid.,malignant,tissue+condition
test/Malignant/4C_57.png,"A B-mode ultrasound of the thyroid, labeled malignant.",malignant,tissue+condition
test/Malignant/4C_58.png,A grayscale ultrasound image demonstrating malignant changes in the thyroid.,malignant,tissue+condition
test/Malignant/4C_59.png,"A B-mode ultrasound of the thyroid, labeled malignant.",malignant,tissue+condition
test/Malignant/4C_6.png,This ultrasound image shows the thyroid with a malignant label.,malignant,tissue+condition
test/Malignant/4C_60.png,This sonogram of the thyroid is labeled malignant.,malignant,tissue+condition
test/Malignant/4C_61.png,"A B-mode ultrasound of the thyroid, labeled malignant.",malignant,tissue+condition
test/Malignant/4C_62.png,A grayscale ultrasound image demonstrating malignant changes in the thyroid.,malignant,tissue+condition
test/Malignant/4C_63.png,This ultrasound image shows the thyroid with a malignant label.,malignant,tissue+condition
test/Malignant/4C_64.png,A grayscale ultrasound image demonstrating malignant changes in the thyroid.,malignant,tissue+condition
test/Malignant/4C_65.png,A grayscale ultrasound image demonstrating malignant changes in the thyroid.,malignant,tissue+condition
test/Malignant/4C_66.png,An ultrasound image of the thyroid with malignant findings.,malignant,tissue+condition
test/Malignant/4C_67.png,A grayscale ultrasound image demonstrating malignant changes in the thyroid.,malignant,tissue+condition
test/Malignant/4C_68.png,"A B-mode ultrasound of the thyroid, labeled malignant.",malignant,tissue+condition
test/Malignant/4C_7.png,This sonogram of the thyroid is labeled malignant.,malignant,tissue+condition
test/Malignant/4C_8.png,A grayscale ultrasound image demonstrating malignant changes in the thyroid.,malignant,tissue+condition
test/Malignant/4C_9.png,A grayscale ultrasound image demonstrating malignant changes in the thyroid.,malignant,tissue+condition
test/Malignant/5_0.png,Ultrasound of the thyroid with malignant appearance.,malignant,tissue+condition
test/Malignant/5_1.png,Echographic appearance of the thyroid with malignant features.,malignant,tissue+condition
test/Malignant/5_10.png,"A clinical ultrasound scan of the thyroid, categorized as malignant.",malignant,tissue+condition
test/Malignant/5_11.png,This ultrasound image shows the thyroid with a malignant label.,malignant,tissue+condition
test/Malignant/5_12.png,Echographic appearance of the thyroid with malignant features.,malignant,tissue+condition
test/Malignant/5_13.png,This ultrasound image shows the thyroid with a malignant label.,malignant,tissue+condition
test/Malignant/5_14.png,"A clinical ultrasound scan of the thyroid, categorized as malignant.",malignant,tissue+condition
test/Malignant/5_15.png,This sonogram of the thyroid is labeled malignant.,malignant,tissue+condition
test/Malignant/5_16.png,Sonographic appearance of malignant thyroid.,malignant,tissue+condition
test/Malignant/5_17.png,"A clinical ultrasound scan of the thyroid, categorized as malignant.",malignant,tissue+condition
test/Malignant/5_18.png,"A diagnostic ultrasound image of the thyroid, tagged as malignant.",malignant,tissue+condition
test/Malignant/5_19.png,Echographic appearance of the thyroid with malignant features.,malignant,tissue+condition
test/Malignant/5_2.png,"A B-mode ultrasound of the thyroid, labeled malignant.",malignant,tissue+condition
test/Malignant/5_20.png,An ultrasound image of the thyroid with malignant findings.,malignant,tissue+condition
test/Malignant/5_21.png,"A diagnostic ultrasound image of the thyroid, tagged as malignant.",malignant,tissue+condition
test/Malignant/5_22.png,A grayscale ultrasound image demonstrating malignant changes in the thyroid.,malignant,tissue+condition
test/Malignant/5_23.png,A grayscale ultrasound image demonstrating malignant changes in the thyroid.,malignant,tissue+condition
test/Malignant/5_24.png,"A B-mode ultrasound of the thyroid, labeled malignant.",malignant,tissue+condition
test/Malignant/5_25.png,"A B-mode ultrasound of the thyroid, labeled malignant.",malignant,tissue+condition
test/Malignant/5_26.png,Ultrasound of the thyroid with malignant appearance.,malignant,tissue+condition
test/Malignant/5_27.png,This ultrasound image shows the thyroid with a malignant label.,malignant,tissue+condition
test/Malignant/5_28.png,Ultrasound of the thyroid with malignant appearance.,malignant,tissue+condition
test/Malignant/5_29.png,"A clinical ultrasound scan of the thyroid, categorized as malignant.",malignant,tissue+condition
test/Malignant/5_3.png,Sonographic appearance of malignant thyroid.,malignant,tissue+condition
test/Malignant/5_30.png,Echographic appearance of the thyroid with malignant features.,malignant,tissue+condition
test/Malignant/5_31.png,"A B-mode ultrasound of the thyroid, labeled malignant.",malignant,tissue+condition
test/Malignant/5_32.png,This ultrasound image shows the thyroid with a malignant label.,malignant,tissue+condition
test/Malignant/5_33.png,Echographic appearance of the thyroid with malignant features.,malignant,tissue+condition
test/Malignant/5_34.png,"A clinical ultrasound scan of the thyroid, categorized as malignant.",malignant,tissue+condition
test/Malignant/5_35.png,Sonographic appearance of malignant thyroid.,malignant,tissue+condition
test/Malignant/5_36.png,"A diagnostic ultrasound image of the thyroid, tagged as malignant.",malignant,tissue+condition
test/Malignant/5_37.png,Ultrasound of the thyroid with malignant appearance.,malignant,tissue+condition
test/Malignant/5_38.png,"A clinical ultrasound scan of the thyroid, categorized as malignant.",malignant,tissue+condition
test/Malignant/5_39.png,A grayscale ultrasound image demonstrating malignant changes in the thyroid.,malignant,tissue+condition
test/Malignant/5_4.png,Ultrasound of the thyroid with malignant appearance.,malignant,tissue+condition
test/Malignant/5_40.png,An ultrasound image of the thyroid with malignant findings.,malignant,tissue+condition
test/Malignant/5_41.png,Ultrasound of the thyroid with malignant appearance.,malignant,tissue+condition
test/Malignant/5_42.png,"A clinical ultrasound scan of the thyroid, categorized as malignant.",malignant,tissue+condition
test/Malignant/5_43.png,"A B-mode ultrasound of the thyroid, labeled malignant.",malignant,tissue+condition
test/Malignant/5_44.png,Sonographic appearance of malignant thyroid.,malignant,tissue+condition
test/Malignant/5_5.png,"A clinical ultrasound scan of the thyroid, categorized as malignant.",malignant,tissue+condition
test/Malignant/5_6.png,"A B-mode ultrasound of the thyroid, labeled malignant.",malignant,tissue+condition
test/Malignant/5_7.png,"A B-mode ultrasound of the thyroid, labeled malignant.",malignant,tissue+condition
test/Malignant/5_8.png,Ultrasound of the thyroid with malignant appearance.,malignant,tissue+condition
test/Malignant/5_9.png,Sonographic appearance of malignant thyroid.,malignant,tissue+condition
test/normal thyroid/tiroides (31).png,"A clinical ultrasound scan of the thyroid, categorized as normal.",normal,tissue+condition
test/normal thyroid/tiroides (34).png,"A clinical ultrasound scan of the thyroid, categorized as normal.",normal,tissue+condition
test/normal thyroid/tiroides (35).png,A grayscale ultrasound image demonstrating normal changes in the thyroid.,normal,tissue+condition
test/normal thyroid/tiroides (36).png,This ultrasound image shows the thyroid with a normal label.,normal,tissue+condition
test/normal thyroid/tiroides (37).png,Echographic appearance of the thyroid with normal features.,normal,tissue+condition
test/normal thyroid/tiroides1.png,This ultrasound image shows the thyroid with a normal label.,normal,tissue+condition
test/normal thyroid/tiroides2.png,"A clinical ultrasound scan of the thyroid, categorized as normal.",normal,tissue+condition
train/Malignant/4A_0.png,Ultrasound of the thyroid with malignant appearance.,malignant,tissue+condition
train/Malignant/4A_1.png,"A diagnostic ultrasound image of the thyroid, tagged as malignant.",malignant,tissue+condition
train/Malignant/4A_10.png,"A clinical ultrasound scan of the thyroid, categorized as malignant.",malignant,tissue+condition
train/Malignant/4A_11.png,An ultrasound image of the thyroid with malignant findings.,malignant,tissue+condition
train/Malignant/4A_12.png,"A B-mode ultrasound of the thyroid, labeled malignant.",malignant,tissue+condition
train/Malignant/4A_13.png,This sonogram of the thyroid is labeled malignant.,malignant,tissue+condition
train/Malignant/4A_14.png,"A clinical ultrasound scan of the thyroid, categorized as malignant.",malignant,tissue+condition
train/Malignant/4A_15.png,An ultrasound image of the thyroid with malignant findings.,malignant,tissue+condition
train/Malignant/4A_16.png,An ultrasound image of the thyroid with malignant findings.,malignant,tissue+condition
train/Malignant/4A_17.png,Echographic appearance of the thyroid with malignant features.,malignant,tissue+condition
train/Malignant/4A_18.png,Sonographic appearance of malignant thyroid.,malignant,tissue+condition
train/Malignant/4A_19.png,"A clinical ultrasound scan of the thyroid, categorized as malignant.",malignant,tissue+condition
train/Malignant/4A_2.png,Sonographic appearance of malignant thyroid.,malignant,tissue+condition
train/Malignant/4A_20.png,"A diagnostic ultrasound image of the thyroid, tagged as malignant.",malignant,tissue+condition
train/Malignant/4A_21.png,Ultrasound of the thyroid with malignant appearance.,malignant,tissue+condition
train/Malignant/4A_22.png,This sonogram of the thyroid is labeled malignant.,malignant,tissue+condition
train/Malignant/4A_23.png,Ultrasound of the thyroid with malignant appearance.,malignant,tissue+condition
train/Malignant/4A_24.png,An ultrasound image of the thyroid with malignant findings.,malignant,tissue+condition
train/Malignant/4A_25.png,"A B-mode ultrasound of the thyroid, labeled malignant.",malignant,tissue+condition
train/Malignant/4A_26.png,"A B-mode ultrasound of the thyroid, labeled malignant.",malignant,tissue+condition
train/Malignant/4A_27.png,Sonographic appearance of malignant thyroid.,malignant,tissue+condition
train/Malignant/4A_28.png,Ultrasound of the thyroid with malignant appearance.,malignant,tissue+condition
train/Malignant/4A_29.png,An ultrasound image of the thyroid with malignant findings.,malignant,tissue+condition
train/Malignant/4A_3.png,Echographic appearance of the thyroid with malignant features.,malignant,tissue+condition
train/Malignant/4A_30.png,A grayscale ultrasound image demonstrating malignant changes in the thyroid.,malignant,tissue+condition
train/Malignant/4A_31.png,Ultrasound of the thyroid with malignant appearance.,malignant,tissue+condition
train/Malignant/4A_32.png,Sonographic appearance of malignant thyroid.,malignant,tissue+condition
train/Malignant/4A_33.png,This sonogram of the thyroid is labeled malignant.,malignant,tissue+condition
train/Malignant/4A_34.png,Sonographic appearance of malignant thyroid.,malignant,tissue+condition
train/Malignant/4A_35.png,An ultrasound image of the thyroid with malignant findings.,malignant,tissue+condition
train/Malignant/4A_36.png,"A clinical ultrasound scan of the thyroid, categorized as malignant.",malignant,tissue+condition
train/Malignant/4A_37.png,Echographic appearance of the thyroid with malignant features.,malignant,tissue+condition
train/Malignant/4A_38.png,An ultrasound image of the thyroid with malignant findings.,malignant,tissue+condition
train/Malignant/4A_39.png,Echographic appearance of the thyroid with malignant features.,malignant,tissue+condition
train/Malignant/4A_4.png,This ultrasound image shows the thyroid with a malignant label.,malignant,tissue+condition
train/Malignant/4A_40.png,This ultrasound image shows the thyroid with a malignant label.,malignant,tissue+condition
train/Malignant/4A_41.png,"A B-mode ultrasound of the thyroid, labeled malignant.",malignant,tissue+condition
train/Malignant/4A_42.png,Echographic appearance of the thyroid with malignant features.,malignant,tissue+condition
train/Malignant/4A_43.png,Ultrasound of the thyroid with malignant appearance.,malignant,tissue+condition
train/Malignant/4A_44.png,This sonogram of the thyroid is labeled malignant.,malignant,tissue+condition
train/Malignant/4A_45.png,A grayscale ultrasound image demonstrating malignant changes in the thyroid.,malignant,tissue+condition
train/Malignant/4A_46.png,Sonographic appearance of malignant thyroid.,malignant,tissue+condition
train/Malignant/4A_47.png,This ultrasound image shows the thyroid with a malignant label.,malignant,tissue+condition
train/Malignant/4A_48.png,Sonographic appearance of malignant thyroid.,malignant,tissue+condition
train/Malignant/4A_49.png,Sonographic appearance of malignant thyroid.,malignant,tissue+condition
train/Malignant/4A_5.png,This sonogram of the thyroid is labeled malignant.,malignant,tissue+condition
train/Malignant/4A_50.png,An ultrasound image of the thyroid with malignant findings.,malignant,tissue+condition
train/Malignant/4A_51.png,Sonographic appearance of malignant thyroid.,malignant,tissue+condition
train/Malignant/4A_52.png,Echographic appearance of the thyroid with malignant features.,malignant,tissue+condition
train/Malignant/4A_53.png,This sonogram of the thyroid is labeled malignant.,malignant,tissue+condition
train/Malignant/4A_54.png,This ultrasound image shows the thyroid with a malignant label.,malignant,tissue+condition
train/Malignant/4A_55.png,"A clinical ultrasound scan of the thyroid, categorized as malignant.",malignant,tissue+condition
train/Malignant/4A_56.png,Sonographic appearance of malignant thyroid.,malignant,tissue+condition
train/Malignant/4A_57.png,"A B-mode ultrasound of the thyroid, labeled malignant.",malignant,tissue+condition
train/Malignant/4A_58.png,This sonogram of the thyroid is labeled malignant.,malignant,tissue+condition
train/Malignant/4A_59.png,An ultrasound image of the thyroid with malignant findings.,malignant,tissue+condition
train/Malignant/4A_6.png,"A diagnostic ultrasound image of the thyroid, tagged as malignant.",malignant,tissue+condition
train/Malignant/4A_60.png,This ultrasound image shows the thyroid with a malignant label.,malignant,tissue+condition
train/Malignant/4A_61.png,This ultrasound image shows the thyroid with a malignant label.,malignant,tissue+condition
train/Malignant/4A_62.png,"A diagnostic ultrasound image of the thyroid, tagged as malignant.",malignant,tissue+condition
train/Malignant/4A_63.png,Echographic appearance of the thyroid with malignant features.,malignant,tissue+condition
train/Malignant/4A_64.png,"A clinical ultrasound scan of the thyroid, categorized as malignant.",malignant,tissue+condition
train/Malignant/4A_65.png,This ultrasound image shows the thyroid with a malignant label.,malignant,tissue+condition
train/Malignant/4A_66.png,This ultrasound image shows the thyroid with a malignant label.,malignant,tissue+condition
train/Malignant/4A_67.png,An ultrasound image of the thyroid with malignant findings.,malignant,tissue+condition
train/Malignant/4A_68.png,This ultrasound image shows the thyroid with a malignant label.,malignant,tissue+condition
train/Malignant/4A_69.png,This sonogram of the thyroid is labeled malignant.,malignant,tissue+condition
train/Malignant/4A_7.png,Echographic appearance of the thyroid with malignant features.,malignant,tissue+condition
train/Malignant/4A_70.png,"A clinical ultrasound scan of the thyroid, categorized as malignant.",malignant,tissue+condition
train/Malignant/4A_71.png,"A B-mode ultrasound of the thyroid, labeled malignant.",malignant,tissue+condition
train/Malignant/4A_72.png,"A clinical ultrasound scan of the thyroid, categorized as malignant.",malignant,tissue+condition
train/Malignant/4A_73.png,Echographic appearance of the thyroid with malignant features.,malignant,tissue+condition
train/Malignant/4A_74.png,Ultrasound of the thyroid with malignant appearance.,malignant,tissue+condition
train/Malignant/4A_75.png,This sonogram of the thyroid is labeled malignant.,malignant,tissue+condition
train/Malignant/4A_76.png,Ultrasound of the thyroid with malignant appearance.,malignant,tissue+condition
train/Malignant/4A_77.png,Echographic appearance of the thyroid with malignant features.,malignant,tissue+condition
train/Malignant/4A_78.png,An ultrasound image of the thyroid with malignant findings.,malignant,tissue+condition
train/Malignant/4A_79.png,"A B-mode ultrasound of the thyroid, labeled malignant.",malignant,tissue+condition
train/Malignant/4A_8.png,"A clinical ultrasound scan of the thyroid, categorized as malignant.",malignant,tissue+condition
train/Malignant/4A_80.png,Sonographic appearance of malignant thyroid.,malignant,tissue+condition
train/Malignant/4A_81.png,A grayscale ultrasound image demonstrating malignant changes in the thyroid.,malignant,tissue+condition
train/Malignant/4A_82.png,"A clinical ultrasound scan of the thyroid, categorized as malignant.",malignant,tissue+condition
train/Malignant/4A_83.png,An ultrasound image of the thyroid with malignant findings.,malignant,tissue+condition
train/Malignant/4A_84.png,"A B-mode ultrasound of the thyroid, labeled malignant.",malignant,tissue+condition
train/Malignant/4A_85.png,A grayscale ultrasound image demonstrating malignant changes in the thyroid.,malignant,tissue+condition
train/Malignant/4A_86.png,This sonogram of the thyroid is labeled malignant.,malignant,tissue+condition
train/Malignant/4A_87.png,Echographic appearance of the thyroid with malignant features.,malignant,tissue+condition
train/Malignant/4A_88.png,Echographic appearance of the thyroid with malignant features.,malignant,tissue+condition
train/Malignant/4A_89.png,This sonogram of the thyroid is labeled malignant.,malignant,tissue+condition
train/Malignant/4A_9.png,A grayscale ultrasound image demonstrating malignant changes in the thyroid.,malignant,tissue+condition
train/Malignant/4A_90.png,Ultrasound of the thyroid with malignant appearance.,malignant,tissue+condition
train/Malignant/4A_91.png,"A B-mode ultrasound of the thyroid, labeled malignant.",malignant,tissue+condition
train/Malignant/4A_92.png,This sonogram of the thyroid is labeled malignant.,malignant,tissue+condition
train/Malignant/4A_93.png,A grayscale ultrasound image demonstrating malignant changes in the thyroid.,malignant,tissue+condition
train/Malignant/4A_94.png,This ultrasound image shows the thyroid with a malignant label.,malignant,tissue+condition
train/Malignant/4A_95.png,"A clinical ultrasound scan of the thyroid, categorized as malignant.",malignant,tissue+condition
train/Malignant/4A_96.png,An ultrasound image of the thyroid with malignant findings.,malignant,tissue+condition
train/Malignant/4A_97.png,This sonogram of the thyroid is labeled malignant.,malignant,tissue+condition
train/Malignant/4B_0.png,An ultrasound image of the thyroid with malignant findings.,malignant,tissue+condition
train/Malignant/4B_1.png,Ultrasound of the thyroid with malignant appearance.,malignant,tissue+condition
train/Malignant/4B_10.png,Ultrasound of the thyroid with malignant appearance.,malignant,tissue+condition
train/Malignant/4B_11.png,This ultrasound image shows the thyroid with a malignant label.,malignant,tissue+condition
train/Malignant/4B_12.png,Echographic appearance of the thyroid with malignant features.,malignant,tissue+condition
train/Malignant/4B_13.png,This sonogram of the thyroid is labeled malignant.,malignant,tissue+condition
train/Malignant/4B_14.png,"A B-mode ultrasound of the thyroid, labeled malignant.",malignant,tissue+condition
train/Malignant/4B_15.png,Echographic appearance of the thyroid with malignant features.,malignant,tissue+condition
train/Malignant/4B_16.png,A grayscale ultrasound image demonstrating malignant changes in the thyroid.,malignant,tissue+condition
train/Malignant/4B_17.png,Echographic appearance of the thyroid with malignant features.,malignant,tissue+condition
train/Malignant/4B_18.png,"A B-mode ultrasound of the thyroid, labeled malignant.",malignant,tissue+condition
train/Malignant/4B_19.png,"A clinical ultrasound scan of the thyroid, categorized as malignant.",malignant,tissue+condition
train/Malignant/4B_2.png,Ultrasound of the thyroid with malignant appearance.,malignant,tissue+condition
train/Malignant/4B_20.png,"A clinical ultrasound scan of the thyroid, categorized as malignant.",malignant,tissue+condition
train/Malignant/4B_21.png,This sonogram of the thyroid is labeled malignant.,malignant,tissue+condition
train/Malignant/4B_22.png,Echographic appearance of the thyroid with malignant features.,malignant,tissue+condition
train/Malignant/4B_23.png,This sonogram of the thyroid is labeled malignant.,malignant,tissue+condition
train/Malignant/4B_24.png,"A clinical ultrasound scan of the thyroid, categorized as malignant.",malignant,tissue+condition
train/Malignant/4B_25.png,Ultrasound of the thyroid with malignant appearance.,malignant,tissue+condition
train/Malignant/4B_26.png,Sonographic appearance of malignant thyroid.,malignant,tissue+condition
train/Malignant/4B_27.png,This ultrasound image shows the thyroid with a malignant label.,malignant,tissue+condition
train/Malignant/4B_28.png,This sonogram of the thyroid is labeled malignant.,malignant,tissue+condition
train/Malignant/4B_29.png,This sonogram of the thyroid is labeled malignant.,malignant,tissue+condition
train/Malignant/4B_3.png,Sonographic appearance of malignant thyroid.,malignant,tissue+condition
train/Malignant/4B_30.png,A grayscale ultrasound image demonstrating malignant changes in the thyroid.,malignant,tissue+condition
train/Malignant/4B_31.png,A grayscale ultrasound image demonstrating malignant changes in the thyroid.,malignant,tissue+condition
train/Malignant/4B_32.png,"A clinical ultrasound scan of the thyroid, categorized as malignant.",malignant,tissue+condition
train/Malignant/4B_33.png,This sonogram of the thyroid is labeled malignant.,malignant,tissue+condition
train/Malignant/4B_34.png,Ultrasound of the thyroid with malignant appearance.,malignant,tissue+condition
train/Malignant/4B_35.png,An ultrasound image of the thyroid with malignant findings.,malignant,tissue+condition
train/Malignant/4B_36.png,"A clinical ultrasound scan of the thyroid, categorized as malignant.",malignant,tissue+condition
train/Malignant/4B_37.png,"A clinical ultrasound scan of the thyroid, categorized as malignant.",malignant,tissue+condition
train/Malignant/4B_38.png,This ultrasound image shows the thyroid with a malignant label.,malignant,tissue+condition
train/Malignant/4B_39.png,This sonogram of the thyroid is labeled malignant.,malignant,tissue+condition
train/Malignant/4B_4.png,A grayscale ultrasound image demonstrating malignant changes in the thyroid.,malignant,tissue+condition
train/Malignant/4B_40.png,A grayscale ultrasound image demonstrating malignant changes in the thyroid.,malignant,tissue+condition
train/Malignant/4B_41.png,Echographic appearance of the thyroid with malignant features.,malignant,tissue+condition
train/Malignant/4B_42.png,"A diagnostic ultrasound image of the thyroid, tagged as malignant.",malignant,tissue+condition
train/Malignant/4B_43.png,"A diagnostic ultrasound image of the thyroid, tagged as malignant.",malignant,tissue+condition
train/Malignant/4B_44.png,"A diagnostic ultrasound image of the thyroid, tagged as malignant.",malignant,tissue+condition
train/Malignant/4B_45.png,This ultrasound image shows the thyroid with a malignant label.,malignant,tissue+condition
train/Malignant/4B_46.png,Ultrasound of the thyroid with malignant appearance.,malignant,tissue+condition
train/Malignant/4B_47.png,"A diagnostic ultrasound image of the thyroid, tagged as malignant.",malignant,tissue+condition
train/Malignant/4B_48.png,Sonographic appearance of malignant thyroid.,malignant,tissue+condition
train/Malignant/4B_49.png,"A B-mode ultrasound of the thyroid, labeled malignant.",malignant,tissue+condition
train/Malignant/4B_5.png,"A clinical ultrasound scan of the thyroid, categorized as malignant.",malignant,tissue+condition
train/Malignant/4B_50.png,Ultrasound of the thyroid with malignant appearance.,malignant,tissue+condition
train/Malignant/4B_51.png,A grayscale ultrasound image demonstrating malignant changes in the thyroid.,malignant,tissue+condition
train/Malignant/4B_52.png,Echographic appearance of the thyroid with malignant features.,malignant,tissue+condition
train/Malignant/4B_53.png,"A B-mode ultrasound of the thyroid, labeled malignant.",malignant,tissue+condition
train/Malignant/4B_54.png,This ultrasound image shows the thyroid with a malignant label.,malignant,tissue+condition
train/Malignant/4B_55.png,"A clinical ultrasound scan of the thyroid, categorized as malignant.",malignant,tissue+condition
train/Malignant/4B_56.png,This ultrasound image shows the thyroid with a malignant label.,malignant,tissue+condition
train/Malignant/4B_57.png,This ultrasound image shows the thyroid with a malignant label.,malignant,tissue+condition
train/Malignant/4B_58.png,Sonographic appearance of malignant thyroid.,malignant,tissue+condition
train/Malignant/4B_59.png,An ultrasound image of the thyroid with malignant findings.,malignant,tissue+condition
train/Malignant/4B_6.png,An ultrasound image of the thyroid with malignant findings.,malignant,tissue+condition
train/Malignant/4B_60.png,This ultrasound image shows the thyroid with a malignant label.,malignant,tissue+condition
train/Malignant/4B_61.png,"A diagnostic ultrasound image of the thyroid, tagged as malignant.",malignant,tissue+condition
train/Malignant/4B_62.png,A grayscale ultrasound image demonstrating malignant changes in the thyroid.,malignant,tissue+condition
train/Malignant/4B_63.png,"A B-mode ultrasound of the thyroid, labeled malignant.",malignant,tissue+condition
train/Malignant/4B_64.png,"A diagnostic ultrasound image of the thyroid, tagged as malignant.",malignant,tissue+condition
train/Malignant/4B_65.png,This sonogram of the thyroid is labeled malignant.,malignant,tissue+condition
train/Malignant/4B_66.png,A grayscale ultrasound image demonstrating malignant changes in the thyroid.,malignant,tissue+condition
train/Malignant/4B_67.png,This ultrasound image shows the thyroid with a malignant label.,malignant,tissue+condition
train/Malignant/4B_68.png,This sonogram of the thyroid is labeled malignant.,malignant,tissue+condition
train/Malignant/4B_69.png,"A diagnostic ultrasound image of the thyroid, tagged as malignant.",malignant,tissue+condition
train/Malignant/4B_7.png,This sonogram of the thyroid is labeled malignant.,malignant,tissue+condition
train/Malignant/4B_70.png,This ultrasound image shows the thyroid with a malignant label.,malignant,tissue+condition
train/Malignant/4B_71.png,Sonographic appearance of malignant thyroid.,malignant,tissue+condition
train/Malignant/4B_72.png,An ultrasound image of the thyroid with malignant findings.,malignant,tissue+condition
train/Malignant/4B_73.png,"A B-mode ultrasound of the thyroid, labeled malignant.",malignant,tissue+condition
train/Malignant/4B_74.png,This sonogram of the thyroid is labeled malignant.,malignant,tissue+condition
train/Malignant/4B_75.png,This ultrasound image shows the thyroid with a malignant label.,malignant,tissue+condition
train/Malignant/4B_76.png,Sonographic appearance of malignant thyroid.,malignant,tissue+condition
train/Malignant/4B_77.png,Ultrasound of the thyroid with malignant appearance.,malignant,tissue+condition
train/Malignant/4B_78.png,"A diagnostic ultrasound image of the thyroid, tagged as malignant.",malignant,tissue+condition
train/Malignant/4B_79.png,An ultrasound image of the thyroid with malignant findings.,malignant,tissue+condition
train/Malignant/4B_8.png,Ultrasound of the thyroid with malignant appearance.,malignant,tissue+condition
train/Malignant/4B_9.png,This ultrasound image shows the thyroid with a malignant label.,malignant,tissue+condition
train/Malignant/4C_0.png,"A B-mode ultrasound of the thyroid, labeled malignant.",malignant,tissue+condition
train/Malignant/4C_1.png,"A diagnostic ultrasound image of the thyroid, tagged as malignant.",malignant,tissue+condition
train/Malignant/4C_10.png,Sonographic appearance of malignant thyroid.,malignant,tissue+condition
train/Malignant/4C_11.png,"A diagnostic ultrasound image of the thyroid, tagged as malignant.",malignant,tissue+condition
train/Malignant/4C_12.png,Ultrasound of the thyroid with malignant appearance.,malignant,tissue+condition
train/Malignant/4C_13.png,Ultrasound of the thyroid with malignant appearance.,malignant,tissue+condition
train/Malignant/4C_14.png,A grayscale ultrasound image demonstrating malignant changes in the thyroid.,malignant,tissue+condition
train/Malignant/4C_15.png,Echographic appearance of the thyroid with malignant features.,malignant,tissue+condition
train/Malignant/4C_16.png,"A diagnostic ultrasound image of the thyroid, tagged as malignant.",malignant,tissue+condition
train/Malignant/4C_17.png,A grayscale ultrasound image demonstrating malignant changes in the thyroid.,malignant,tissue+condition
train/Malignant/4C_18.png,Ultrasound of the thyroid with malignant appearance.,malignant,tissue+condition
train/Malignant/4C_19.png,This sonogram of the thyroid is labeled malignant.,malignant,tissue+condition
train/Malignant/4C_2.png,Ultrasound of the thyroid with malignant appearance.,malignant,tissue+condition
train/Malignant/4C_20.png,"A diagnostic ultrasound image of the thyroid, tagged as malignant.",malignant,tissue+condition
train/Malignant/4C_21.png,Sonographic appearance of malignant thyroid.,malignant,tissue+condition
train/Malignant/4C_22.png,"A diagnostic ultrasound image of the thyroid, tagged as malignant.",malignant,tissue+condition
train/Malignant/4C_23.png,"A diagnostic ultrasound image of the thyroid, tagged as malignant.",malignant,tissue+condition
train/Malignant/4C_24.png,"A clinical ultrasound scan of the thyroid, categorized as malignant.",malignant,tissue+condition
train/Malignant/4C_25.png,This ultrasound image shows the thyroid with a malignant label.,malignant,tissue+condition
train/Malignant/4C_26.png,"A clinical ultrasound scan of the thyroid, categorized as malignant.",malignant,tissue+condition
train/Malignant/4C_27.png,Ultrasound of the thyroid with malignant appearance.,malignant,tissue+condition
train/Malignant/4C_28.png,"A diagnostic ultrasound image of the thyroid, tagged as malignant.",malignant,tissue+condition
train/Malignant/4C_29.png,This ultrasound image shows the thyroid with a malignant label.,malignant,tissue+condition
train/Malignant/4C_3.png,"A clinical ultrasound scan of the thyroid, categorized as malignant.",malignant,tissue+condition
train/Malignant/4C_30.png,"A diagnostic ultrasound image of the thyroid, tagged as malignant.",malignant,tissue+condition
train/Malignant/4C_31.png,"A B-mode ultrasound of the thyroid, labeled malignant.",malignant,tissue+condition
train/Malignant/4C_32.png,"A clinical ultrasound scan of the thyroid, categorized as malignant.",malignant,tissue+condition
train/Malignant/4C_33.png,This ultrasound image shows the thyroid with a malignant label.,malignant,tissue+condition
train/Malignant/4C_34.png,"A clinical ultrasound scan of the thyroid, categorized as malignant.",malignant,tissue+condition
train/Malignant/4C_35.png,Echographic appearance of the thyroid with malignant features.,malignant,tissue+condition
train/Malignant/4C_36.png,Echographic appearance of the thyroid with malignant features.,malignant,tissue+condition
train/Malignant/4C_37.png,Ultrasound of the thyroid with malignant appearance.,malignant,tissue+condition
train/Malignant/4C_38.png,"A B-mode ultrasound of the thyroid, labeled malignant.",malignant,tissue+condition
train/Malignant/4C_39.png,Sonographic appearance of malignant thyroid.,malignant,tissue+condition
train/Malignant/4C_4.png,Sonographic appearance of malignant thyroid.,malignant,tissue+condition
train/Malignant/4C_40.png,This ultrasound image shows the thyroid with a malignant label.,malignant,tissue+condition
train/Malignant/4C_41.png,This sonogram of the thyroid is labeled malignant.,malignant,tissue+condition
train/Malignant/4C_42.png,Sonographic appearance of malignant thyroid.,malignant,tissue+condition
train/Malignant/4C_43.png,This ultrasound image shows the thyroid with a malignant label.,malignant,tissue+condition
train/Malignant/4C_44.png,"A B-mode ultrasound of the thyroid, labeled malignant.",malignant,tissue+condition
train/Malignant/4C_45.png,This sonogram of the thyroid is labeled malignant.,malignant,tissue+condition
train/Malignant/4C_46.png,This sonogram of the thyroid is labeled malignant.,malignant,tissue+condition
train/Malignant/4C_47.png,Echographic appearance of the thyroid with malignant features.,malignant,tissue+condition
train/Malignant/4C_48.png,Ultrasound of the thyroid with malignant appearance.,malignant,tissue+condition
train/Malignant/4C_49.png,"A diagnostic ultrasound image of the thyroid, tagged as malignant.",malignant,tissue+condition
train/Malignant/4C_5.png,This sonogram of the thyroid is labeled malignant.,malignant,tissue+condition
train/Malignant/4C_50.png,An ultrasound image of the thyroid with malignant findings.,malignant,tissue+condition
train/Malignant/4C_51.png,This ultrasound image shows the thyroid with a malignant label.,malignant,tissue+condition
train/Malignant/4C_52.png,This sonogram of the thyroid is labeled malignant.,malignant,tissue+condition
train/Malignant/4C_53.png,This sonogram of the thyroid is labeled malignant.,malignant,tissue+condition
train/Malignant/4C_54.png,A grayscale ultrasound image demonstrating malignant changes in the thyroid.,malignant,tissue+condition
train/Malignant/4C_55.png,An ultrasound image of the thyroid with malignant findings.,malignant,tissue+condition
train/Malignant/4C_56.png,A grayscale ultrasound image demonstrating malignant changes in the thyroid.,malignant,tissue+condition
train/Malignant/4C_57.png,This sonogram of the thyroid is labeled malignant.,malignant,tissue+condition
train/Malignant/4C_58.png,"A diagnostic ultrasound image of the thyroid, tagged as malignant.",malignant,tissue+condition
train/Malignant/4C_59.png,An ultrasound image of the thyroid with malignant findings.,malignant,tissue+condition
train/Malignant/4C_6.png,Echographic appearance of the thyroid with malignant features.,malignant,tissue+condition
train/Malignant/4C_60.png,"A clinical ultrasound scan of the thyroid, categorized as malignant.",malignant,tissue+condition
train/Malignant/4C_61.png,This sonogram of the thyroid is labeled malignant.,malignant,tissue+condition
train/Malignant/4C_62.png,This sonogram of the thyroid is labeled malignant.,malignant,tissue+condition
train/Malignant/4C_63.png,Ultrasound of the thyroid with malignant appearance.,malignant,tissue+condition
train/Malignant/4C_64.png,Ultrasound of the thyroid with malignant appearance.,malignant,tissue+condition
train/Malignant/4C_65.png,A grayscale ultrasound image demonstrating malignant changes in the thyroid.,malignant,tissue+condition
train/Malignant/4C_66.png,This ultrasound image shows the thyroid with a malignant label.,malignant,tissue+condition
train/Malignant/4C_67.png,"A diagnostic ultrasound image of the thyroid, tagged as malignant.",malignant,tissue+condition
train/Malignant/4C_68.png,This ultrasound image shows the thyroid with a malignant label.,malignant,tissue+condition
train/Malignant/4C_7.png,"A clinical ultrasound scan of the thyroid, categorized as malignant.",malignant,tissue+condition
train/Malignant/4C_8.png,This sonogram of the thyroid is labeled malignant.,malignant,tissue+condition
train/Malignant/4C_9.png,"A diagnostic ultrasound image of the thyroid, tagged as malignant.",malignant,tissue+condition
train/Malignant/5_0.png,An ultrasound image of the thyroid with malignant findings.,malignant,tissue+condition
train/Malignant/5_1.png,This sonogram of the thyroid is labeled malignant.,malignant,tissue+condition
train/Malignant/5_10.png,Echographic appearance of the thyroid with malignant features.,malignant,tissue+condition
train/Malignant/5_11.png,This sonogram of the thyroid is labeled malignant.,malignant,tissue+condition
train/Malignant/5_12.png,Sonographic appearance of malignant thyroid.,malignant,tissue+condition
train/Malignant/5_13.png,"A diagnostic ultrasound image of the thyroid, tagged as malignant.",malignant,tissue+condition
train/Malignant/5_14.png,Sonographic appearance of malignant thyroid.,malignant,tissue+condition
train/Malignant/5_15.png,A grayscale ultrasound image demonstrating malignant changes in the thyroid.,malignant,tissue+condition
train/Malignant/5_16.png,Ultrasound of the thyroid with malignant appearance.,malignant,tissue+condition
train/Malignant/5_17.png,An ultrasound image of the thyroid with malignant findings.,malignant,tissue+condition
train/Malignant/5_18.png,This sonogram of the thyroid is labeled malignant.,malignant,tissue+condition
train/Malignant/5_19.png,A grayscale ultrasound image demonstrating malignant changes in the thyroid.,malignant,tissue+condition
train/Malignant/5_2.png,A grayscale ultrasound image demonstrating malignant changes in the thyroid.,malignant,tissue+condition
train/Malignant/5_20.png,An ultrasound image of the thyroid with malignant findings.,malignant,tissue+condition
train/Malignant/5_21.png,"A B-mode ultrasound of the thyroid, labeled malignant.",malignant,tissue+condition
train/Malignant/5_22.png,This sonogram of the thyroid is labeled malignant.,malignant,tissue+condition
train/Malignant/5_23.png,Sonographic appearance of malignant thyroid.,malignant,tissue+condition
train/Malignant/5_24.png,"A diagnostic ultrasound image of the thyroid, tagged as malignant.",malignant,tissue+condition
train/Malignant/5_25.png,Sonographic appearance of malignant thyroid.,malignant,tissue+condition
train/Malignant/5_26.png,An ultrasound image of the thyroid with malignant findings.,malignant,tissue+condition
train/Malignant/5_27.png,"A clinical ultrasound scan of the thyroid, categorized as malignant.",malignant,tissue+condition
train/Malignant/5_28.png,This sonogram of the thyroid is labeled malignant.,malignant,tissue+condition
train/Malignant/5_29.png,Echographic appearance of the thyroid with malignant features.,malignant,tissue+condition
train/Malignant/5_3.png,This ultrasound image shows the thyroid with a malignant label.,malignant,tissue+condition
train/Malignant/5_30.png,"A diagnostic ultrasound image of the thyroid, tagged as malignant.",malignant,tissue+condition
train/Malignant/5_31.png,Echographic appearance of the thyroid with malignant features.,malignant,tissue+condition
train/Malignant/5_32.png,Echographic appearance of the thyroid with malignant features.,malignant,tissue+condition
train/Malignant/5_33.png,This sonogram of the thyroid is labeled malignant.,malignant,tissue+condition
train/Malignant/5_34.png,"A clinical ultrasound scan of the thyroid, categorized as malignant.",malignant,tissue+condition
train/Malignant/5_35.png,This sonogram of the thyroid is labeled malignant.,malignant,tissue+condition
train/Malignant/5_36.png,"A clinical ultrasound scan of the thyroid, categorized as malignant.",malignant,tissue+condition
train/Malignant/5_37.png,"A B-mode ultrasound of the thyroid, labeled malignant.",malignant,tissue+condition
train/Malignant/5_38.png,"A diagnostic ultrasound image of the thyroid, tagged as malignant.",malignant,tissue+condition
train/Malignant/5_39.png,An ultrasound image of the thyroid with malignant findings.,malignant,tissue+condition
train/Malignant/5_4.png,Ultrasound of the thyroid with malignant appearance.,malignant,tissue+condition
train/Malignant/5_40.png,An ultrasound image of the thyroid with malignant findings.,malignant,tissue+condition
train/Malignant/5_41.png,Echographic appearance of the thyroid with malignant features.,malignant,tissue+condition
train/Malignant/5_42.png,This ultrasound image shows the thyroid with a malignant label.,malignant,tissue+condition
train/Malignant/5_43.png,"A B-mode ultrasound of the thyroid, labeled malignant.",malignant,tissue+condition
train/Malignant/5_44.png,An ultrasound image of the thyroid with malignant findings.,malignant,tissue+condition
train/Malignant/5_5.png,An ultrasound image of the thyroid with malignant findings.,malignant,tissue+condition
train/Malignant/5_6.png,This ultrasound image shows the thyroid with a malignant label.,malignant,tissue+condition
train/Malignant/5_7.png,This ultrasound image shows the thyroid with a malignant label.,malignant,tissue+condition
train/Malignant/5_8.png,An ultrasound image of the thyroid with malignant findings.,malignant,tissue+condition
train/Malignant/5_9.png,A grayscale ultrasound image demonstrating malignant changes in the thyroid.,malignant,tissue+condition
train/Malignant/Tiroides4/13.png,Sonographic appearance of malignant thyroid.,malignant,tissue+condition
train/Malignant/Tiroides4/42.png,This ultrasound image shows the thyroid with a malignant label.,malignant,tissue+condition
train/Malignant/Tiroides4/tirads122.png,Sonographic appearance of malignant thyroid.,malignant,tissue+condition
train/Malignant/Tiroides4/tiroides (4).png,"A diagnostic ultrasound image of the thyroid, tagged as malignant.",malignant,tissue+condition
train/Malignant/Tiroides4/tiroides (45).png,"A B-mode ultrasound of the thyroid, labeled malignant.",malignant,tissue+condition
train/Malignant/Tiroides4/tiroides (7).png,A grayscale ultrasound image demonstrating malignant changes in the thyroid.,malignant,tissue+condition
train/Malignant/Tiroides4/tiroides (8).png,This ultrasound image shows the thyroid with a malignant label.,malignant,tissue+condition
train/Malignant/Tiroides4/tiroides.png,"A diagnostic ultrasound image of the thyroid, tagged as malignant.",malignant,tissue+condition
train/Malignant/Tiroides4/tiroides01.png,"A clinical ultrasound scan of the thyroid, categorized as malignant.",malignant,tissue+condition
train/Malignant/Tiroides4/tiroides02.png,Echographic appearance of the thyroid with malignant features.,malignant,tissue+condition
train/Malignant/Tiroides4/tiroides03.png,Sonographic appearance of malignant thyroid.,malignant,tissue+condition
train/Malignant/Tiroides4/tiroides04.png,A grayscale ultrasound image demonstrating malignant changes in the thyroid.,malignant,tissue+condition
train/Malignant/Tiroides4/tiroides05.png,A grayscale ultrasound image demonstrating malignant changes in the thyroid.,malignant,tissue+condition
train/Malignant/Tiroides4/tiroides06.png,"A B-mode ultrasound of the thyroid, labeled malignant.",malignant,tissue+condition
train/Malignant/Tiroides4/tiroides07.png,Sonographic appearance of malignant thyroid.,malignant,tissue+condition
train/Malignant/Tiroides4/tiroides08.png,"A clinical ultrasound scan of the thyroid, categorized as malignant.",malignant,tissue+condition
train/Malignant/Tiroides4/tiroides09.png,"A B-mode ultrasound of the thyroid, labeled malignant.",malignant,tissue+condition
train/Malignant/Tiroides4/tiroides10.png,A grayscale ultrasound image demonstrating malignant changes in the thyroid.,malignant,tissue+condition
train/Malignant/Tiroides4/tiroides100.png,An ultrasound image of the thyroid with malignant findings.,malignant,tissue+condition
train/Malignant/Tiroides4/tiroides101.png,"A clinical ultrasound scan of the thyroid, categorized as malignant.",malignant,tissue+condition
train/Malignant/Tiroides4/tiroides102.png,A grayscale ultrasound image demonstrating malignant changes in the thyroid.,malignant,tissue+condition
train/Malignant/Tiroides4/tiroides103.png,This sonogram of the thyroid is labeled malignant.,malignant,tissue+condition
train/Malignant/Tiroides4/tiroides104.png,This sonogram of the thyroid is labeled malignant.,malignant,tissue+condition
train/Malignant/Tiroides4/tiroides105.png,This ultrasound image shows the thyroid with a malignant label.,malignant,tissue+condition
train/Malignant/Tiroides4/tiroides106.png,"A B-mode ultrasound of the thyroid, labeled malignant.",malignant,tissue+condition
train/Malignant/Tiroides4/tiroides107.png,A grayscale ultrasound image demonstrating malignant changes in the thyroid.,malignant,tissue+condition
train/Malignant/Tiroides4/tiroides108.png,This ultrasound image shows the thyroid with a malignant label.,malignant,tissue+condition
train/Malignant/Tiroides4/tiroides109.png,"A B-mode ultrasound of the thyroid, labeled malignant.",malignant,tissue+condition
train/Malignant/Tiroides4/tiroides11 (1).png,"A clinical ultrasound scan of the thyroid, categorized as malignant.",malignant,tissue+condition
train/Malignant/Tiroides4/tiroides11 (10).png,A grayscale ultrasound image demonstrating malignant changes in the thyroid.,malignant,tissue+condition
train/Malignant/Tiroides4/tiroides11 (11).png,"A B-mode ultrasound of the thyroid, labeled malignant.",malignant,tissue+condition
train/Malignant/Tiroides4/tiroides11 (12).png,A grayscale ultrasound image demonstrating malignant changes in the thyroid.,malignant,tissue+condition
train/Malignant/Tiroides4/tiroides11 (13).png,An ultrasound image of the thyroid with malignant findings.,malignant,tissue+condition
train/Malignant/Tiroides4/tiroides11 (14).png,Echographic appearance of the thyroid with malignant features.,malignant,tissue+condition
train/Malignant/Tiroides4/tiroides11 (15).png,Ultrasound of the thyroid with malignant appearance.,malignant,tissue+condition
train/Malignant/Tiroides4/tiroides11 (16).png,This sonogram of the thyroid is labeled malignant.,malignant,tissue+condition
train/Malignant/Tiroides4/tiroides11 (17).png,Echographic appearance of the thyroid with malignant features.,malignant,tissue+condition
train/Malignant/Tiroides4/tiroides11 (18).png,"A B-mode ultrasound of the thyroid, labeled malignant.",malignant,tissue+condition
train/Malignant/Tiroides4/tiroides11 (19).png,Ultrasound of the thyroid with malignant appearance.,malignant,tissue+condition
train/Malignant/Tiroides4/tiroides11 (2).png,Echographic appearance of the thyroid with malignant features.,malignant,tissue+condition
train/Malignant/Tiroides4/tiroides11 (20).png,An ultrasound image of the thyroid with malignant findings.,malignant,tissue+condition
train/Malignant/Tiroides4/tiroides11 (21).png,This sonogram of the thyroid is labeled malignant.,malignant,tissue+condition
train/Malignant/Tiroides4/tiroides11 (22).png,"A diagnostic ultrasound image of the thyroid, tagged as malignant.",malignant,tissue+condition
train/Malignant/Tiroides4/tiroides11 (23).png,"A B-mode ultrasound of the thyroid, labeled malignant.",malignant,tissue+condition
train/Malignant/Tiroides4/tiroides11 (24).png,This sonogram of the thyroid is labeled malignant.,malignant,tissue+condition
train/Malignant/Tiroides4/tiroides11 (25).png,Echographic appearance of the thyroid with malignant features.,malignant,tissue+condition
train/Malignant/Tiroides4/tiroides11 (26).png,"A diagnostic ultrasound image of the thyroid, tagged as malignant.",malignant,tissue+condition
train/Malignant/Tiroides4/tiroides11 (27).png,Sonographic appearance of malignant thyroid.,malignant,tissue+condition
train/Malignant/Tiroides4/tiroides11 (28).png,This sonogram of the thyroid is labeled malignant.,malignant,tissue+condition
train/Malignant/Tiroides4/tiroides11 (29).png,Sonographic appearance of malignant thyroid.,malignant,tissue+condition
train/Malignant/Tiroides4/tiroides11 (3).png,Ultrasound of the thyroid with malignant appearance.,malignant,tissue+condition
train/Malignant/Tiroides4/tiroides11 (30).png,"A clinical ultrasound scan of the thyroid, categorized as malignant.",malignant,tissue+condition
train/Malignant/Tiroides4/tiroides11 (31).png,A grayscale ultrasound image demonstrating malignant changes in the thyroid.,malignant,tissue+condition
train/Malignant/Tiroides4/tiroides11 (32).png,Ultrasound of the thyroid with malignant appearance.,malignant,tissue+condition
train/Malignant/Tiroides4/tiroides11 (33).png,"A diagnostic ultrasound image of the thyroid, tagged as malignant.",malignant,tissue+condition
train/Malignant/Tiroides4/tiroides11 (34).png,"A diagnostic ultrasound image of the thyroid, tagged as malignant.",malignant,tissue+condition
train/Malignant/Tiroides4/tiroides11 (35).png,This sonogram of the thyroid is labeled malignant.,malignant,tissue+condition
train/Malignant/Tiroides4/tiroides11 (36).png,A grayscale ultrasound image demonstrating malignant changes in the thyroid.,malignant,tissue+condition
train/Malignant/Tiroides4/tiroides11 (37).png,"A clinical ultrasound scan of the thyroid, categorized as malignant.",malignant,tissue+condition
train/Malignant/Tiroides4/tiroides11 (38).png,Echographic appearance of the thyroid with malignant features.,malignant,tissue+condition
train/Malignant/Tiroides4/tiroides11 (39).png,This ultrasound image shows the thyroid with a malignant label.,malignant,tissue+condition
train/Malignant/Tiroides4/tiroides11 (4).png,"A B-mode ultrasound of the thyroid, labeled malignant.",malignant,tissue+condition
train/Malignant/Tiroides4/tiroides11 (40).png,"A clinical ultrasound scan of the thyroid, categorized as malignant.",malignant,tissue+condition
train/Malignant/Tiroides4/tiroides11 (41).png,"A diagnostic ultrasound image of the thyroid, tagged as malignant.",malignant,tissue+condition
train/Malignant/Tiroides4/tiroides11 (42).png,This ultrasound image shows the thyroid with a malignant label.,malignant,tissue+condition
train/Malignant/Tiroides4/tiroides11 (43).png,"A diagnostic ultrasound image of the thyroid, tagged as malignant.",malignant,tissue+condition
train/Malignant/Tiroides4/tiroides11 (44).png,A grayscale ultrasound image demonstrating malignant changes in the thyroid.,malignant,tissue+condition
train/Malignant/Tiroides4/tiroides11 (45).png,A grayscale ultrasound image demonstrating malignant changes in the thyroid.,malignant,tissue+condition
train/Malignant/Tiroides4/tiroides11 (46).png,This sonogram of the thyroid is labeled malignant.,malignant,tissue+condition
train/Malignant/Tiroides4/tiroides11 (47).png,Echographic appearance of the thyroid with malignant features.,malignant,tissue+condition
train/Malignant/Tiroides4/tiroides11 (48).png,An ultrasound image of the thyroid with malignant findings.,malignant,tissue+condition
train/Malignant/Tiroides4/tiroides11 (49).png,"A diagnostic ultrasound image of the thyroid, tagged as malignant.",malignant,tissue+condition
train/Malignant/Tiroides4/tiroides11 (5).png,Echographic appearance of the thyroid with malignant features.,malignant,tissue+condition
train/Malignant/Tiroides4/tiroides11 (50).png,Sonographic appearance of malignant thyroid.,malignant,tissue+condition
train/Malignant/Tiroides4/tiroides11 (51).png,"A diagnostic ultrasound image of the thyroid, tagged as malignant.",malignant,tissue+condition
train/Malignant/Tiroides4/tiroides11 (52).png,This ultrasound image shows the thyroid with a malignant label.,malignant,tissue+condition
train/Malignant/Tiroides4/tiroides11 (53).png,Echographic appearance of the thyroid with malignant features.,malignant,tissue+condition
train/Malignant/Tiroides4/tiroides11 (54).png,"A clinical ultrasound scan of the thyroid, categorized as malignant.",malignant,tissue+condition
train/Malignant/Tiroides4/tiroides11 (55).png,Echographic appearance of the thyroid with malignant features.,malignant,tissue+condition
train/Malignant/Tiroides4/tiroides11 (56).png,"A clinical ultrasound scan of the thyroid, categorized as malignant.",malignant,tissue+condition
train/Malignant/Tiroides4/tiroides11 (57).png,A grayscale ultrasound image demonstrating malignant changes in the thyroid.,malignant,tissue+condition
train/Malignant/Tiroides4/tiroides11 (58).png,"A clinical ultrasound scan of the thyroid, categorized as malignant.",malignant,tissue+condition
train/Malignant/Tiroides4/tiroides11 (59).png,Ultrasound of the thyroid with malignant appearance.,malignant,tissue+condition
train/Malignant/Tiroides4/tiroides11 (6).png,An ultrasound image of the thyroid with malignant findings.,malignant,tissue+condition
train/Malignant/Tiroides4/tiroides11 (60).png,Ultrasound of the thyroid with malignant appearance.,malignant,tissue+condition
train/Malignant/Tiroides4/tiroides11 (61).png,This ultrasound image shows the thyroid with a malignant label.,malignant,tissue+condition
train/Malignant/Tiroides4/tiroides11 (62).png,"A B-mode ultrasound of the thyroid, labeled malignant.",malignant,tissue+condition
train/Malignant/Tiroides4/tiroides11 (63).png,This ultrasound image shows the thyroid with a malignant label.,malignant,tissue+condition
train/Malignant/Tiroides4/tiroides11 (64).png,This sonogram of the thyroid is labeled malignant.,malignant,tissue+condition
train/Malignant/Tiroides4/tiroides11 (65).png,"A diagnostic ultrasound image of the thyroid, tagged as malignant.",malignant,tissue+condition
train/Malignant/Tiroides4/tiroides11 (66).png,Ultrasound of the thyroid with malignant appearance.,malignant,tissue+condition
train/Malignant/Tiroides4/tiroides11 (67).png,This ultrasound image shows the thyroid with a malignant label.,malignant,tissue+condition
train/Malignant/Tiroides4/tiroides11 (68).png,"A diagnostic ultrasound image of the thyroid, tagged as malignant.",malignant,tissue+condition
train/Malignant/Tiroides4/tiroides11 (69).png,"A diagnostic ultrasound image of the thyroid, tagged as malignant.",malignant,tissue+condition
train/Malignant/Tiroides4/tiroides11 (7).png,"A diagnostic ultrasound image of the thyroid, tagged as malignant.",malignant,tissue+condition
train/Malignant/Tiroides4/tiroides11 (70).png,An ultrasound image of the thyroid with malignant findings.,malignant,tissue+condition
train/Malignant/Tiroides4/tiroides11 (8).png,"A B-mode ultrasound of the thyroid, labeled malignant.",malignant,tissue+condition
train/Malignant/Tiroides4/tiroides11 (9).png,"A clinical ultrasound scan of the thyroid, categorized as malignant.",malignant,tissue+condition
train/Malignant/Tiroides4/tiroides11.png,This ultrasound image shows the thyroid with a malignant label.,malignant,tissue+condition
train/Malignant/Tiroides4/tiroides110.png,This sonogram of the thyroid is labeled malignant.,malignant,tissue+condition
train/Malignant/Tiroides4/tiroides111.png,This ultrasound image shows the thyroid with a malignant label.,malignant,tissue+condition
train/Malignant/Tiroides4/tiroides112.png,"A clinical ultrasound scan of the thyroid, categorized as malignant.",malignant,tissue+condition
train/Malignant/Tiroides4/tiroides113.png,A grayscale ultrasound image demonstrating malignant changes in the thyroid.,malignant,tissue+condition
train/Malignant/Tiroides4/tiroides114.png,Echographic appearance of the thyroid with malignant features.,malignant,tissue+condition
train/Malignant/Tiroides4/tiroides115.png,"A diagnostic ultrasound image of the thyroid, tagged as malignant.",malignant,tissue+condition
train/Malignant/Tiroides4/tiroides116.png,Ultrasound of the thyroid with malignant appearance.,malignant,tissue+condition
train/Malignant/Tiroides4/tiroides117.png,Ultrasound of the thyroid with malignant appearance.,malignant,tissue+condition
train/Malignant/Tiroides4/tiroides118.png,Echographic appearance of the thyroid with malignant features.,malignant,tissue+condition
train/Malignant/Tiroides4/tiroides119.png,This sonogram of the thyroid is labeled malignant.,malignant,tissue+condition
train/Malignant/Tiroides4/tiroides12.png,Ultrasound of the thyroid with malignant appearance.,malignant,tissue+condition
train/Malignant/Tiroides4/tiroides120.png,Echographic appearance of the thyroid with malignant features.,malignant,tissue+condition
train/Malignant/Tiroides4/tiroides121.png,Echographic appearance of the thyroid with malignant features.,malignant,tissue+condition
train/Malignant/Tiroides4/tiroides122.png,"A diagnostic ultrasound image of the thyroid, tagged as malignant.",malignant,tissue+condition
train/Malignant/Tiroides4/tiroides123.png,"A clinical ultrasound scan of the thyroid, categorized as malignant.",malignant,tissue+condition
train/Malignant/Tiroides4/tiroides124.png,"A clinical ultrasound scan of the thyroid, categorized as malignant.",malignant,tissue+condition
train/Malignant/Tiroides4/tiroides125.png,"A clinical ultrasound scan of the thyroid, categorized as malignant.",malignant,tissue+condition
train/Malignant/Tiroides4/tiroides126.png,This ultrasound image shows the thyroid with a malignant label.,malignant,tissue+condition
train/Malignant/Tiroides4/tiroides127.png,"A B-mode ultrasound of the thyroid, labeled malignant.",malignant,tissue+condition
train/Malignant/Tiroides4/tiroides128.png,This ultrasound image shows the thyroid with a malignant label.,malignant,tissue+condition
train/Malignant/Tiroides4/tiroides129.png,Echographic appearance of the thyroid with malignant features.,malignant,tissue+condition
train/Malignant/Tiroides4/tiroides13.png,"A B-mode ultrasound of the thyroid, labeled malignant.",malignant,tissue+condition
train/Malignant/Tiroides4/tiroides130.png,Ultrasound of the thyroid with malignant appearance.,malignant,tissue+condition
train/Malignant/Tiroides4/tiroides131.png,Sonographic appearance of malignant thyroid.,malignant,tissue+condition
train/Malignant/Tiroides4/tiroides132.png,This ultrasound image shows the thyroid with a malignant label.,malignant,tissue+condition
train/Malignant/Tiroides4/tiroides133.png,This ultrasound image shows the thyroid with a malignant label.,malignant,tissue+condition
train/Malignant/Tiroides4/tiroides134.png,"A diagnostic ultrasound image of the thyroid, tagged as malignant.",malignant,tissue+condition
train/Malignant/Tiroides4/tiroides135.png,"A clinical ultrasound scan of the thyroid, categorized as malignant.",malignant,tissue+condition
train/Malignant/Tiroides4/tiroides136.png,A grayscale ultrasound image demonstrating malignant changes in the thyroid.,malignant,tissue+condition
train/Malignant/Tiroides4/tiroides137.png,Ultrasound of the thyroid with malignant appearance.,malignant,tissue+condition
train/Malignant/Tiroides4/tiroides138.png,A grayscale ultrasound image demonstrating malignant changes in the thyroid.,malignant,tissue+condition
train/Malignant/Tiroides4/tiroides139.png,"A clinical ultrasound scan of the thyroid, categorized as malignant.",malignant,tissue+condition
train/Malignant/Tiroides4/tiroides14.png,"A B-mode ultrasound of the thyroid, labeled malignant.",malignant,tissue+condition
train/Malignant/Tiroides4/tiroides140.png,This ultrasound image shows the thyroid with a malignant label.,malignant,tissue+condition
train/Malignant/Tiroides4/tiroides141.png,"A clinical ultrasound scan of the thyroid, categorized as malignant.",malignant,tissue+condition
train/Malignant/Tiroides4/tiroides142.png,This ultrasound image shows the thyroid with a malignant label.,malignant,tissue+condition
train/Malignant/Tiroides4/tiroides143.png,Echographic appearance of the thyroid with malignant features.,malignant,tissue+condition
train/Malignant/Tiroides4/tiroides144.png,Sonographic appearance of malignant thyroid.,malignant,tissue+condition
train/Malignant/Tiroides4/tiroides145.png,"A clinical ultrasound scan of the thyroid, categorized as malignant.",malignant,tissue+condition
train/Malignant/Tiroides4/tiroides146.png,An ultrasound image of the thyroid with malignant findings.,malignant,tissue+condition
train/Malignant/Tiroides4/tiroides147.png,Ultrasound of the thyroid with malignant appearance.,malignant,tissue+condition
train/Malignant/Tiroides4/tiroides148.png,Sonographic appearance of malignant thyroid.,malignant,tissue+condition
train/Malignant/Tiroides4/tiroides149.png,"A clinical ultrasound scan of the thyroid, categorized as malignant.",malignant,tissue+condition
train/Malignant/Tiroides4/tiroides15.png,An ultrasound image of the thyroid with malignant findings.,malignant,tissue+condition
train/Malignant/Tiroides4/tiroides150.png,An ultrasound image of the thyroid with malignant findings.,malignant,tissue+condition
train/Malignant/Tiroides4/tiroides151.png,Ultrasound of the thyroid with malignant appearance.,malignant,tissue+condition
train/Malignant/Tiroides4/tiroides152.png,"A clinical ultrasound scan of the thyroid, categorized as malignant.",malignant,tissue+condition
train/Malignant/Tiroides4/tiroides153.png,Sonographic appearance of malignant thyroid.,malignant,tissue+condition
train/Malignant/Tiroides4/tiroides154.png,"A diagnostic ultrasound image of the thyroid, tagged as malignant.",malignant,tissue+condition
train/Malignant/Tiroides4/tiroides155.png,"A B-mode ultrasound of the thyroid, labeled malignant.",malignant,tissue+condition
train/Malignant/Tiroides4/tiroides156.png,An ultrasound image of the thyroid with malignant findings.,malignant,tissue+condition
train/Malignant/Tiroides4/tiroides157.png,A grayscale ultrasound image demonstrating malignant changes in the thyroid.,malignant,tissue+condition
train/Malignant/Tiroides4/tiroides158.png,"A clinical ultrasound scan of the thyroid, categorized as malignant.",malignant,tissue+condition
train/Malignant/Tiroides4/tiroides159.png,"A diagnostic ultrasound image of the thyroid, tagged as malignant.",malignant,tissue+condition
train/Malignant/Tiroides4/tiroides16.png,"A diagnostic ultrasound image of the thyroid, tagged as malignant.",malignant,tissue+condition
train/Malignant/Tiroides4/tiroides160.png,"A diagnostic ultrasound image of the thyroid, tagged as malignant.",malignant,tissue+condition
train/Malignant/Tiroides4/tiroides161.png,Echographic appearance of the thyroid with malignant features.,malignant,tissue+condition
train/Malignant/Tiroides4/tiroides162.png,Sonographic appearance of malignant thyroid.,malignant,tissue+condition
train/Malignant/Tiroides4/tiroides163.png,An ultrasound image of the thyroid with malignant findings.,malignant,tissue+condition
train/Malignant/Tiroides4/tiroides164.png,"A clinical ultrasound scan of the thyroid, categorized as malignant.",malignant,tissue+condition
train/Malignant/Tiroides4/tiroides165.png,"A diagnostic ultrasound image of the thyroid, tagged as malignant.",malignant,tissue+condition
train/Malignant/Tiroides4/tiroides166.png,"A B-mode ultrasound of the thyroid, labeled malignant.",malignant,tissue+condition
train/Malignant/Tiroides4/tiroides167.png,"A B-mode ultrasound of the thyroid, labeled malignant.",malignant,tissue+condition
train/Malignant/Tiroides4/tiroides168.png,This sonogram of the thyroid is labeled malignant.,malignant,tissue+condition
train/Malignant/Tiroides4/tiroides169.png,"A diagnostic ultrasound image of the thyroid, tagged as malignant.",malignant,tissue+condition
train/Malignant/Tiroides4/tiroides17.png,"A B-mode ultrasound of the thyroid, labeled malignant.",malignant,tissue+condition
train/Malignant/Tiroides4/tiroides170.png,A grayscale ultrasound image demonstrating malignant changes in the thyroid.,malignant,tissue+condition
train/Malignant/Tiroides4/tiroides171.png,An ultrasound image of the thyroid with malignant findings.,malignant,tissue+condition
train/Malignant/Tiroides4/tiroides172.png,Sonographic appearance of malignant thyroid.,malignant,tissue+condition
train/Malignant/Tiroides4/tiroides173.png,Sonographic appearance of malignant thyroid.,malignant,tissue+condition
train/Malignant/Tiroides4/tiroides174.png,A grayscale ultrasound image demonstrating malignant changes in the thyroid.,malignant,tissue+condition
train/Malignant/Tiroides4/tiroides175.png,"A clinical ultrasound scan of the thyroid, categorized as malignant.",malignant,tissue+condition
train/Malignant/Tiroides4/tiroides176jpg.png,"A B-mode ultrasound of the thyroid, labeled malignant.",malignant,tissue+condition
train/Malignant/Tiroides4/tiroides177.png,This ultrasound image shows the thyroid with a malignant label.,malignant,tissue+condition
train/Malignant/Tiroides4/tiroides178.png,"A B-mode ultrasound of the thyroid, labeled malignant.",malignant,tissue+condition
train/Malignant/Tiroides4/tiroides179.png,Ultrasound of the thyroid with malignant appearance.,malignant,tissue+condition
train/Malignant/Tiroides4/tiroides18.png,This sonogram of the thyroid is labeled malignant.,malignant,tissue+condition
train/Malignant/Tiroides4/tiroides180.png,A grayscale ultrasound image demonstrating malignant changes in the thyroid.,malignant,tissue+condition
train/Malignant/Tiroides4/tiroides181.png,A grayscale ultrasound image demonstrating malignant changes in the thyroid.,malignant,tissue+condition
train/Malignant/Tiroides4/tiroides182.png,A grayscale ultrasound image demonstrating malignant changes in the thyroid.,malignant,tissue+condition
train/Malignant/Tiroides4/tiroides183.png,This ultrasound image shows the thyroid with a malignant label.,malignant,tissue+condition
train/Malignant/Tiroides4/tiroides184.png,Ultrasound of the thyroid with malignant appearance.,malignant,tissue+condition
train/Malignant/Tiroides4/tiroides185.png,This sonogram of the thyroid is labeled malignant.,malignant,tissue+condition
train/Malignant/Tiroides4/tiroides186.png,"A diagnostic ultrasound image of the thyroid, tagged as malignant.",malignant,tissue+condition
train/Malignant/Tiroides4/tiroides187.png,"A diagnostic ultrasound image of the thyroid, tagged as malignant.",malignant,tissue+condition
train/Malignant/Tiroides4/tiroides188.png,"A clinical ultrasound scan of the thyroid, categorized as malignant.",malignant,tissue+condition
train/Malignant/Tiroides4/tiroides189.png,A grayscale ultrasound image demonstrating malignant changes in the thyroid.,malignant,tissue+condition
train/Malignant/Tiroides4/tiroides19.png,This sonogram of the thyroid is labeled malignant.,malignant,tissue+condition
train/Malignant/Tiroides4/tiroides190.png,"A clinical ultrasound scan of the thyroid, categorized as malignant.",malignant,tissue+condition
train/Malignant/Tiroides4/tiroides191.png,A grayscale ultrasound image demonstrating malignant changes in the thyroid.,malignant,tissue+condition
train/Malignant/Tiroides4/tiroides192.png,A grayscale ultrasound image demonstrating malignant changes in the thyroid.,malignant,tissue+condition
train/Malignant/Tiroides4/tiroides193.png,An ultrasound image of the thyroid with malignant findings.,malignant,tissue+condition
train/Malignant/Tiroides4/tiroides194.png,A grayscale ultrasound image demonstrating malignant changes in the thyroid.,malignant,tissue+condition
train/Malignant/Tiroides4/tiroides195.png,"A B-mode ultrasound of the thyroid, labeled malignant.",malignant,tissue+condition
train/Malignant/Tiroides4/tiroides196.png,This ultrasound image shows the thyroid with a malignant label.,malignant,tissue+condition
train/Malignant/Tiroides4/tiroides197.png,This ultrasound image shows the thyroid with a malignant label.,malignant,tissue+condition
train/Malignant/Tiroides4/tiroides198.png,"A clinical ultrasound scan of the thyroid, categorized as malignant.",malignant,tissue+condition
train/Malignant/Tiroides4/tiroides199.png,"A B-mode ultrasound of the thyroid, labeled malignant.",malignant,tissue+condition
train/Malignant/Tiroides4/tiroides20.png,Sonographic appearance of malignant thyroid.,malignant,tissue+condition
train/Malignant/Tiroides4/tiroides200.png,This ultrasound image shows the thyroid with a malignant label.,malignant,tissue+condition
train/Malignant/Tiroides4/tiroides201.png,Sonographic appearance of malignant thyroid.,malignant,tissue+condition
train/Malignant/Tiroides4/tiroides202.png,Ultrasound of the thyroid with malignant appearance.,malignant,tissue+condition
train/Malignant/Tiroides4/tiroides203.png,"A B-mode ultrasound of the thyroid, labeled malignant.",malignant,tissue+condition
train/Malignant/Tiroides4/tiroides204.png,Sonographic appearance of malignant thyroid.,malignant,tissue+condition
train/Malignant/Tiroides4/tiroides205.png,An ultrasound image of the thyroid with malignant findings.,malignant,tissue+condition
train/Malignant/Tiroides4/tiroides206.png,This sonogram of the thyroid is labeled malignant.,malignant,tissue+condition
train/Malignant/Tiroides4/tiroides207.png,"A diagnostic ultrasound image of the thyroid, tagged as malignant.",malignant,tissue+condition
train/Malignant/Tiroides4/tiroides208.png,A grayscale ultrasound image demonstrating malignant changes in the thyroid.,malignant,tissue+condition
train/Malignant/Tiroides4/tiroides209.png,"A diagnostic ultrasound image of the thyroid, tagged as malignant.",malignant,tissue+condition
train/Malignant/Tiroides4/tiroides21.png,"A clinical ultrasound scan of the thyroid, categorized as malignant.",malignant,tissue+condition
train/Malignant/Tiroides4/tiroides210.png,An ultrasound image of the thyroid with malignant findings.,malignant,tissue+condition
train/Malignant/Tiroides4/tiroides211.png,This ultrasound image shows the thyroid with a malignant label.,malignant,tissue+condition
train/Malignant/Tiroides4/tiroides212.png,"A clinical ultrasound scan of the thyroid, categorized as malignant.",malignant,tissue+condition
train/Malignant/Tiroides4/tiroides213.png,"A clinical ultrasound scan of the thyroid, categorized as malignant.",malignant,tissue+condition
train/Malignant/Tiroides4/tiroides214.png,"A diagnostic ultrasound image of the thyroid, tagged as malignant.",malignant,tissue+condition
train/Malignant/Tiroides4/tiroides215.png,"A B-mode ultrasound of the thyroid, labeled malignant.",malignant,tissue+condition
train/Malignant/Tiroides4/tiroides216.png,This ultrasound image shows the thyroid with a malignant label.,malignant,tissue+condition
train/Malignant/Tiroides4/tiroides217.png,"A clinical ultrasound scan of the thyroid, categorized as malignant.",malignant,tissue+condition
train/Malignant/Tiroides4/tiroides218.png,A grayscale ultrasound image demonstrating malignant changes in the thyroid.,malignant,tissue+condition
train/Malignant/Tiroides4/tiroides219.png,This ultrasound image shows the thyroid with a malignant label.,malignant,tissue+condition
train/Malignant/Tiroides4/tiroides22.png,This sonogram of the thyroid is labeled malignant.,malignant,tissue+condition
train/Malignant/Tiroides4/tiroides220.png,"A B-mode ultrasound of the thyroid, labeled malignant.",malignant,tissue+condition
train/Malignant/Tiroides4/tiroides221.png,Ultrasound of the thyroid with malignant appearance.,malignant,tissue+condition
train/Malignant/Tiroides4/tiroides222.png,This ultrasound image shows the thyroid with a malignant label.,malignant,tissue+condition
train/Malignant/Tiroides4/tiroides223.png,Sonographic appearance of malignant thyroid.,malignant,tissue+condition
train/Malignant/Tiroides4/tiroides224.png,"A clinical ultrasound scan of the thyroid, categorized as malignant.",malignant,tissue+condition
train/Malignant/Tiroides4/tiroides225.png,Sonographic appearance of malignant thyroid.,malignant,tissue+condition
train/Malignant/Tiroides4/tiroides226.png,"A B-mode ultrasound of the thyroid, labeled malignant.",malignant,tissue+condition
train/Malignant/Tiroides4/tiroides227.png,An ultrasound image of the thyroid with malignant findings.,malignant,tissue+condition
train/Malignant/Tiroides4/tiroides228.png,Sonographic appearance of malignant thyroid.,malignant,tissue+condition
train/Malignant/Tiroides4/tiroides229.png,"A clinical ultrasound scan of the thyroid, categorized as malignant.",malignant,tissue+condition
train/Malignant/Tiroides4/tiroides23.png,A grayscale ultrasound image demonstrating malignant changes in the thyroid.,malignant,tissue+condition
train/Malignant/Tiroides4/tiroides230.png,A grayscale ultrasound image demonstrating malignant changes in the thyroid.,malignant,tissue+condition
train/Malignant/Tiroides4/tiroides231.png,"A clinical ultrasound scan of the thyroid, categorized as malignant.",malignant,tissue+condition
train/Malignant/Tiroides4/tiroides232.png,"A diagnostic ultrasound image of the thyroid, tagged as malignant.",malignant,tissue+condition
train/Malignant/Tiroides4/tiroides233.png,"A B-mode ultrasound of the thyroid, labeled malignant.",malignant,tissue+condition
train/Malignant/Tiroides4/tiroides234.png,"A diagnostic ultrasound image of the thyroid, tagged as malignant.",malignant,tissue+condition
train/Malignant/Tiroides4/tiroides235.png,"A clinical ultrasound scan of the thyroid, categorized as malignant.",malignant,tissue+condition
train/Malignant/Tiroides4/tiroides236.png,This sonogram of the thyroid is labeled malignant.,malignant,tissue+condition
train/Malignant/Tiroides4/tiroides237.png,"A clinical ultrasound scan of the thyroid, categorized as malignant.",malignant,tissue+condition
train/Malignant/Tiroides4/tiroides238.png,Ultrasound of the thyroid with malignant appearance.,malignant,tissue+condition
train/Malignant/Tiroides4/tiroides239.png,Ultrasound of the thyroid with malignant appearance.,malignant,tissue+condition
train/Malignant/Tiroides4/tiroides24.png,"A diagnostic ultrasound image of the thyroid, tagged as malignant.",malignant,tissue+condition
train/Malignant/Tiroides4/tiroides240.png,"A diagnostic ultrasound image of the thyroid, tagged as malignant.",malignant,tissue+condition
train/Malignant/Tiroides4/tiroides241.png,"A B-mode ultrasound of the thyroid, labeled malignant.",malignant,tissue+condition
train/Malignant/Tiroides4/tiroides242.png,A grayscale ultrasound image demonstrating malignant changes in the thyroid.,malignant,tissue+condition
train/Malignant/Tiroides4/tiroides243.png,An ultrasound image of the thyroid with malignant findings.,malignant,tissue+condition
train/Malignant/Tiroides4/tiroides244.png,This sonogram of the thyroid is labeled malignant.,malignant,tissue+condition
train/Malignant/Tiroides4/tiroides245.png,Echographic appearance of the thyroid with malignant features.,malignant,tissue+condition
train/Malignant/Tiroides4/tiroides246.png,A grayscale ultrasound image demonstrating malignant changes in the thyroid.,malignant,tissue+condition
train/Malignant/Tiroides4/tiroides247.png,"A clinical ultrasound scan of the thyroid, categorized as malignant.",malignant,tissue+condition
train/Malignant/Tiroides4/tiroides248.png,An ultrasound image of the thyroid with malignant findings.,malignant,tissue+condition
train/Malignant/Tiroides4/tiroides249.png,"A B-mode ultrasound of the thyroid, labeled malignant.",malignant,tissue+condition
train/Malignant/Tiroides4/tiroides25.png,This ultrasound image shows the thyroid with a malignant label.,malignant,tissue+condition
train/Malignant/Tiroides4/tiroides250.png,A grayscale ultrasound image demonstrating malignant changes in the thyroid.,malignant,tissue+condition
train/Malignant/Tiroides4/tiroides251.png,A grayscale ultrasound image demonstrating malignant changes in the thyroid.,malignant,tissue+condition
train/Malignant/Tiroides4/tiroides252.png,An ultrasound image of the thyroid with malignant findings.,malignant,tissue+condition
train/Malignant/Tiroides4/tiroides253.png,"A clinical ultrasound scan of the thyroid, categorized as malignant.",malignant,tissue+condition
train/Malignant/Tiroides4/tiroides254.png,A grayscale ultrasound image demonstrating malignant changes in the thyroid.,malignant,tissue+condition
train/Malignant/Tiroides4/tiroides255.png,An ultrasound image of the thyroid with malignant findings.,malignant,tissue+condition
train/Malignant/Tiroides4/tiroides256.png,Sonographic appearance of malignant thyroid.,malignant,tissue+condition
train/Malignant/Tiroides4/tiroides257.png,"A diagnostic ultrasound image of the thyroid, tagged as malignant.",malignant,tissue+condition
train/Malignant/Tiroides4/tiroides258.png,Ultrasound of the thyroid with malignant appearance.,malignant,tissue+condition
train/Malignant/Tiroides4/tiroides259.png,"A diagnostic ultrasound image of the thyroid, tagged as malignant.",malignant,tissue+condition
train/Malignant/Tiroides4/tiroides26.png,"A clinical ultrasound scan of the thyroid, categorized as malignant.",malignant,tissue+condition
train/Malignant/Tiroides4/tiroides260.png,Sonographic appearance of malignant thyroid.,malignant,tissue+condition
train/Malignant/Tiroides4/tiroides261.png,A grayscale ultrasound image demonstrating malignant changes in the thyroid.,malignant,tissue+condition
train/Malignant/Tiroides4/tiroides262.png,This sonogram of the thyroid is labeled malignant.,malignant,tissue+condition
train/Malignant/Tiroides4/tiroides263.png,"A diagnostic ultrasound image of the thyroid, tagged as malignant.",malignant,tissue+condition
train/Malignant/Tiroides4/tiroides264.png,"A B-mode ultrasound of the thyroid, labeled malignant.",malignant,tissue+condition
train/Malignant/Tiroides4/tiroides265.png,"A diagnostic ultrasound image of the thyroid, tagged as malignant.",malignant,tissue+condition
train/Malignant/Tiroides4/tiroides266.png,Echographic appearance of the thyroid with malignant features.,malignant,tissue+condition
train/Malignant/Tiroides4/tiroides267.png,This sonogram of the thyroid is labeled malignant.,malignant,tissue+condition
train/Malignant/Tiroides4/tiroides268.png,Echographic appearance of the thyroid with malignant features.,malignant,tissue+condition
train/Malignant/Tiroides4/tiroides269.png,Echographic appearance of the thyroid with malignant features.,malignant,tissue+condition
train/Malignant/Tiroides4/tiroides27.png,"A B-mode ultrasound of the thyroid, labeled malignant.",malignant,tissue+condition
train/Malignant/Tiroides4/tiroides270.png,Sonographic appearance of malignant thyroid.,malignant,tissue+condition
train/Malignant/Tiroides4/tiroides271.png,Echographic appearance of the thyroid with malignant features.,malignant,tissue+condition
train/Malignant/Tiroides4/tiroides272.png,This sonogram of the thyroid is labeled malignant.,malignant,tissue+condition
train/Malignant/Tiroides4/tiroides273.png,"A diagnostic ultrasound image of the thyroid, tagged as malignant.",malignant,tissue+condition
train/Malignant/Tiroides4/tiroides274.png,"A clinical ultrasound scan of the thyroid, categorized as malignant.",malignant,tissue+condition
train/Malignant/Tiroides4/tiroides275.png,This sonogram of the thyroid is labeled malignant.,malignant,tissue+condition
train/Malignant/Tiroides4/tiroides277.png,Ultrasound of the thyroid with malignant appearance.,malignant,tissue+condition
train/Malignant/Tiroides4/tiroides278.png,An ultrasound image of the thyroid with malignant findings.,malignant,tissue+condition
train/Malignant/Tiroides4/tiroides279.png,"A diagnostic ultrasound image of the thyroid, tagged as malignant.",malignant,tissue+condition
train/Malignant/Tiroides4/tiroides28.png,"A B-mode ultrasound of the thyroid, labeled malignant.",malignant,tissue+condition
train/Malignant/Tiroides4/tiroides280.png,Echographic appearance of the thyroid with malignant features.,malignant,tissue+condition
train/Malignant/Tiroides4/tiroides281.png,"A clinical ultrasound scan of the thyroid, categorized as malignant.",malignant,tissue+condition
train/Malignant/Tiroides4/tiroides282.png,Echographic appearance of the thyroid with malignant features.,malignant,tissue+condition
train/Malignant/Tiroides4/tiroides283.png,"A B-mode ultrasound of the thyroid, labeled malignant.",malignant,tissue+condition
train/Malignant/Tiroides4/tiroides284.png,This sonogram of the thyroid is labeled malignant.,malignant,tissue+condition
train/Malignant/Tiroides4/tiroides285.png,Ultrasound of the thyroid with malignant appearance.,malignant,tissue+condition
train/Malignant/Tiroides4/tiroides286.png,An ultrasound image of the thyroid with malignant findings.,malignant,tissue+condition
train/Malignant/Tiroides4/tiroides287.png,Ultrasound of the thyroid with malignant appearance.,malignant,tissue+condition
train/Malignant/Tiroides4/tiroides288.png,"A diagnostic ultrasound image of the thyroid, tagged as malignant.",malignant,tissue+condition
train/Malignant/Tiroides4/tiroides289.png,This sonogram of the thyroid is labeled malignant.,malignant,tissue+condition
train/Malignant/Tiroides4/tiroides29.png,An ultrasound image of the thyroid with malignant findings.,malignant,tissue+condition
train/Malignant/Tiroides4/tiroides290.png,This ultrasound image shows the thyroid with a malignant label.,malignant,tissue+condition
train/Malignant/Tiroides4/tiroides291.png,Ultrasound of the thyroid with malignant appearance.,malignant,tissue+condition
train/Malignant/Tiroides4/tiroides292.png,Echographic appearance of the thyroid with malignant features.,malignant,tissue+condition
train/Malignant/Tiroides4/tiroides293.png,A grayscale ultrasound image demonstrating malignant changes in the thyroid.,malignant,tissue+condition
train/Malignant/Tiroides4/tiroides294.png,"A diagnostic ultrasound image of the thyroid, tagged as malignant.",malignant,tissue+condition
train/Malignant/Tiroides4/tiroides295.png,"A diagnostic ultrasound image of the thyroid, tagged as malignant.",malignant,tissue+condition
train/Malignant/Tiroides4/tiroides296.png,An ultrasound image of the thyroid with malignant findings.,malignant,tissue+condition
train/Malignant/Tiroides4/tiroides297.png,This ultrasound image shows the thyroid with a malignant label.,malignant,tissue+condition
train/Malignant/Tiroides4/tiroides298.png,"A clinical ultrasound scan of the thyroid, categorized as malignant.",malignant,tissue+condition
train/Malignant/Tiroides4/tiroides299.png,Ultrasound of the thyroid with malignant appearance.,malignant,tissue+condition
train/Malignant/Tiroides4/tiroides30.png,Sonographic appearance of malignant thyroid.,malignant,tissue+condition
train/Malignant/Tiroides4/tiroides300.png,"A clinical ultrasound scan of the thyroid, categorized as malignant.",malignant,tissue+condition
train/Malignant/Tiroides4/tiroides301.png,"A diagnostic ultrasound image of the thyroid, tagged as malignant.",malignant,tissue+condition
train/Malignant/Tiroides4/tiroides302.png,"A diagnostic ultrasound image of the thyroid, tagged as malignant.",malignant,tissue+condition
train/Malignant/Tiroides4/tiroides303.png,"A B-mode ultrasound of the thyroid, labeled malignant.",malignant,tissue+condition
train/Malignant/Tiroides4/tiroides304.png,An ultrasound image of the thyroid with malignant findings.,malignant,tissue+condition
train/Malignant/Tiroides4/tiroides305.png,A grayscale ultrasound image demonstrating malignant changes in the thyroid.,malignant,tissue+condition
train/Malignant/Tiroides4/tiroides306.png,This ultrasound image shows the thyroid with a malignant label.,malignant,tissue+condition
train/Malignant/Tiroides4/tiroides307.png,Sonographic appearance of malignant thyroid.,malignant,tissue+condition
train/Malignant/Tiroides4/tiroides308.png,"A clinical ultrasound scan of the thyroid, categorized as malignant.",malignant,tissue+condition
train/Malignant/Tiroides4/tiroides309.png,Ultrasound of the thyroid with malignant appearance.,malignant,tissue+condition
train/Malignant/Tiroides4/tiroides31 (2).png,An ultrasound image of the thyroid with malignant findings.,malignant,tissue+condition
train/Malignant/Tiroides4/tiroides31.png,Ultrasound of the thyroid with malignant appearance.,malignant,tissue+condition
train/Malignant/Tiroides4/tiroides310.png,This sonogram of the thyroid is labeled malignant.,malignant,tissue+condition
train/Malignant/Tiroides4/tiroides311.png,"A B-mode ultrasound of the thyroid, labeled malignant.",malignant,tissue+condition
train/Malignant/Tiroides4/tiroides312.png,This ultrasound image shows the thyroid with a malignant label.,malignant,tissue+condition
train/Malignant/Tiroides4/tiroides313.png,"A B-mode ultrasound of the thyroid, labeled malignant.",malignant,tissue+condition
train/Malignant/Tiroides4/tiroides314.png,"A diagnostic ultrasound image of the thyroid, tagged as malignant.",malignant,tissue+condition
train/Malignant/Tiroides4/tiroides315.png,"A B-mode ultrasound of the thyroid, labeled malignant.",malignant,tissue+condition
train/Malignant/Tiroides4/tiroides316.png,Sonographic appearance of malignant thyroid.,malignant,tissue+condition
train/Malignant/Tiroides4/tiroides317.png,"A diagnostic ultrasound image of the thyroid, tagged as malignant.",malignant,tissue+condition
train/Malignant/Tiroides4/tiroides318.png,"A clinical ultrasound scan of the thyroid, categorized as malignant.",malignant,tissue+condition
train/Malignant/Tiroides4/tiroides319.png,Ultrasound of the thyroid with malignant appearance.,malignant,tissue+condition
train/Malignant/Tiroides4/tiroides32.png,"A clinical ultrasound scan of the thyroid, categorized as malignant.",malignant,tissue+condition
train/Malignant/Tiroides4/tiroides320.png,This sonogram of the thyroid is labeled malignant.,malignant,tissue+condition
train/Malignant/Tiroides4/tiroides321.png,"A diagnostic ultrasound image of the thyroid, tagged as malignant.",malignant,tissue+condition
train/Malignant/Tiroides4/tiroides322.png,"A diagnostic ultrasound image of the thyroid, tagged as malignant.",malignant,tissue+condition
train/Malignant/Tiroides4/tiroides323.png,This ultrasound image shows the thyroid with a malignant label.,malignant,tissue+condition
train/Malignant/Tiroides4/tiroides324.png,"A diagnostic ultrasound image of the thyroid, tagged as malignant.",malignant,tissue+condition
train/Malignant/Tiroides4/tiroides325.png,Ultrasound of the thyroid with malignant appearance.,malignant,tissue+condition
train/Malignant/Tiroides4/tiroides326.png,Sonographic appearance of malignant thyroid.,malignant,tissue+condition
train/Malignant/Tiroides4/tiroides327.png,This sonogram of the thyroid is labeled malignant.,malignant,tissue+condition
train/Malignant/Tiroides4/tiroides328.png,This ultrasound image shows the thyroid with a malignant label.,malignant,tissue+condition
train/Malignant/Tiroides4/tiroides329.png,A grayscale ultrasound image demonstrating malignant changes in the thyroid.,malignant,tissue+condition
train/Malignant/Tiroides4/tiroides33.png,Ultrasound of the thyroid with malignant appearance.,malignant,tissue+condition
train/Malignant/Tiroides4/tiroides330.png,Sonographic appearance of malignant thyroid.,malignant,tissue+condition
train/Malignant/Tiroides4/tiroides331.png,"A B-mode ultrasound of the thyroid, labeled malignant.",malignant,tissue+condition
train/Malignant/Tiroides4/tiroides332.png,"A clinical ultrasound scan of the thyroid, categorized as malignant.",malignant,tissue+condition
train/Malignant/Tiroides4/tiroides34.png,This sonogram of the thyroid is labeled malignant.,malignant,tissue+condition
train/Malignant/Tiroides4/tiroides35.png,Echographic appearance of the thyroid with malignant features.,malignant,tissue+condition
train/Malignant/Tiroides4/tiroides36.png,Ultrasound of the thyroid with malignant appearance.,malignant,tissue+condition
train/Malignant/Tiroides4/tiroides37.png,"A clinical ultrasound scan of the thyroid, categorized as malignant.",malignant,tissue+condition
train/Malignant/Tiroides4/tiroides38.png,An ultrasound image of the thyroid with malignant findings.,malignant,tissue+condition
train/Malignant/Tiroides4/tiroides39.png,"A clinical ultrasound scan of the thyroid, categorized as malignant.",malignant,tissue+condition
train/Malignant/Tiroides4/tiroides391.png,"A clinical ultrasound scan of the thyroid, categorized as malignant.",malignant,tissue+condition
train/Malignant/Tiroides4/tiroides40.png,A grayscale ultrasound image demonstrating malignant changes in the thyroid.,malignant,tissue+condition
train/Malignant/Tiroides4/tiroides401.png,A grayscale ultrasound image demonstrating malignant changes in the thyroid.,malignant,tissue+condition
train/Malignant/Tiroides4/tiroides402.png,"A diagnostic ultrasound image of the thyroid, tagged as malignant.",malignant,tissue+condition
train/Malignant/Tiroides4/tiroides403.png,Sonographic appearance of malignant thyroid.,malignant,tissue+condition
train/Malignant/Tiroides4/tiroides404.png,"A diagnostic ultrasound image of the thyroid, tagged as malignant.",malignant,tissue+condition
train/Malignant/Tiroides4/tiroides405.png,Ultrasound of the thyroid with malignant appearance.,malignant,tissue+condition
train/Malignant/Tiroides4/tiroides406.png,"A diagnostic ultrasound image of the thyroid, tagged as malignant.",malignant,tissue+condition
train/Malignant/Tiroides4/tiroides407.png,Echographic appearance of the thyroid with malignant features.,malignant,tissue+condition
train/Malignant/Tiroides4/tiroides408.png,Echographic appearance of the thyroid with malignant features.,malignant,tissue+condition
train/Malignant/Tiroides4/tiroides409.png,Ultrasound of the thyroid with malignant appearance.,malignant,tissue+condition
train/Malignant/Tiroides4/tiroides41.png,Ultrasound of the thyroid with malignant appearance.,malignant,tissue+condition
train/Malignant/Tiroides4/tiroides410.png,This sonogram of the thyroid is labeled malignant.,malignant,tissue+condition
train/Malignant/Tiroides4/tiroides411.png,"A diagnostic ultrasound image of the thyroid, tagged as malignant.",malignant,tissue+condition
train/Malignant/Tiroides4/tiroides412.png,Echographic appearance of the thyroid with malignant features.,malignant,tissue+condition
train/Malignant/Tiroides4/tiroides413.png,This ultrasound image shows the thyroid with a malignant label.,malignant,tissue+condition
train/Malignant/Tiroides4/tiroides414.png,This ultrasound image shows the thyroid with a malignant label.,malignant,tissue+condition
train/Malignant/Tiroides4/tiroides415.png,A grayscale ultrasound image demonstrating malignant changes in the thyroid.,malignant,tissue+condition
train/Malignant/Tiroides4/tiroides416.png,This sonogram of the thyroid is labeled malignant.,malignant,tissue+condition
train/Malignant/Tiroides4/tiroides417.png,This ultrasound image shows the thyroid with a malignant label.,malignant,tissue+condition
train/Malignant/Tiroides4/tiroides418.png,This sonogram of the thyroid is labeled malignant.,malignant,tissue+condition
train/Malignant/Tiroides4/tiroides42.png,An ultrasound image of the thyroid with malignant findings.,malignant,tissue+condition
train/Malignant/Tiroides4/tiroides43.png,Echographic appearance of the thyroid with malignant features.,malignant,tissue+condition
train/Malignant/Tiroides4/tiroides44.png,"A diagnostic ultrasound image of the thyroid, tagged as malignant.",malignant,tissue+condition
train/Malignant/Tiroides4/tiroides440.png,This sonogram of the thyroid is labeled malignant.,malignant,tissue+condition
train/Malignant/Tiroides4/tiroides444.png,This sonogram of the thyroid is labeled malignant.,malignant,tissue+condition
train/Malignant/Tiroides4/tiroides45.png,Sonographic appearance of malignant thyroid.,malignant,tissue+condition
train/Malignant/Tiroides4/tiroides46.png,"A diagnostic ultrasound image of the thyroid, tagged as malignant.",malignant,tissue+condition
train/Malignant/Tiroides4/tiroides47.png,An ultrasound image of the thyroid with malignant findings.,malignant,tissue+condition
train/Malignant/Tiroides4/tiroides48.png,Sonographic appearance of malignant thyroid.,malignant,tissue+condition
train/Malignant/Tiroides4/tiroides49.png,Ultrasound of the thyroid with malignant appearance.,malignant,tissue+condition
train/Malignant/Tiroides4/tiroides5.png,A grayscale ultrasound image demonstrating malignant changes in the thyroid.,malignant,tissue+condition
train/Malignant/Tiroides4/tiroides50.png,Echographic appearance of the thyroid with malignant features.,malignant,tissue+condition
train/Malignant/Tiroides4/tiroides51.png,"A B-mode ultrasound of the thyroid, labeled malignant.",malignant,tissue+condition
train/Malignant/Tiroides4/tiroides52.png,"A diagnostic ultrasound image of the thyroid, tagged as malignant.",malignant,tissue+condition
train/Malignant/Tiroides4/tiroides53.png,"A B-mode ultrasound of the thyroid, labeled malignant.",malignant,tissue+condition
train/Malignant/Tiroides4/tiroides54.png,Ultrasound of the thyroid with malignant appearance.,malignant,tissue+condition
train/Malignant/Tiroides4/tiroides55.png,"A diagnostic ultrasound image of the thyroid, tagged as malignant.",malignant,tissue+condition
train/Malignant/Tiroides4/tiroides56.png,An ultrasound image of the thyroid with malignant findings.,malignant,tissue+condition
train/Malignant/Tiroides4/tiroides58.png,Sonographic appearance of malignant thyroid.,malignant,tissue+condition
train/Malignant/Tiroides4/tiroides59.png,This sonogram of the thyroid is labeled malignant.,malignant,tissue+condition
train/Malignant/Tiroides4/tiroides60.png,Sonographic appearance of malignant thyroid.,malignant,tissue+condition
train/Malignant/Tiroides4/tiroides61.png,"A B-mode ultrasound of the thyroid, labeled malignant.",malignant,tissue+condition
train/Malignant/Tiroides4/tiroides62.png,"A diagnostic ultrasound image of the thyroid, tagged as malignant.",malignant,tissue+condition
train/Malignant/Tiroides4/tiroides63.png,"A clinical ultrasound scan of the thyroid, categorized as malignant.",malignant,tissue+condition
train/Malignant/Tiroides4/tiroides64.png,Echographic appearance of the thyroid with malignant features.,malignant,tissue+condition
train/Malignant/Tiroides4/tiroides65.png,A grayscale ultrasound image demonstrating malignant changes in the thyroid.,malignant,tissue+condition
train/Malignant/Tiroides4/tiroides66.png,This sonogram of the thyroid is labeled malignant.,malignant,tissue+condition
train/Malignant/Tiroides4/tiroides67.png,"A B-mode ultrasound of the thyroid, labeled malignant.",malignant,tissue+condition
train/Malignant/Tiroides4/tiroides68.png,Echographic appearance of the thyroid with malignant features.,malignant,tissue+condition
train/Malignant/Tiroides4/tiroides69.png,Ultrasound of the thyroid with malignant appearance.,malignant,tissue+condition
train/Malignant/Tiroides4/tiroides70.png,This sonogram of the thyroid is labeled malignant.,malignant,tissue+condition
train/Malignant/Tiroides4/tiroides71.png,Echographic appearance of the thyroid with malignant features.,malignant,tissue+condition
train/Malignant/Tiroides4/tiroides72.png,"A diagnostic ultrasound image of the thyroid, tagged as malignant.",malignant,tissue+condition
train/Malignant/Tiroides4/tiroides73.png,Ultrasound of the thyroid with malignant appearance.,malignant,tissue+condition
train/Malignant/Tiroides4/tiroides74.png,An ultrasound image of the thyroid with malignant findings.,malignant,tissue+condition
train/Malignant/Tiroides4/tiroides75.png,A grayscale ultrasound image demonstrating malignant changes in the thyroid.,malignant,tissue+condition
train/Malignant/Tiroides4/tiroides76.png,"A B-mode ultrasound of the thyroid, labeled malignant.",malignant,tissue+condition
train/Malignant/Tiroides4/tiroides77.png,This ultrasound image shows the thyroid with a malignant label.,malignant,tissue+condition
train/Malignant/Tiroides4/tiroides78.png,"A clinical ultrasound scan of the thyroid, categorized as malignant.",malignant,tissue+condition
train/Malignant/Tiroides4/tiroides79.png,This ultrasound image shows the thyroid with a malignant label.,malignant,tissue+condition
train/Malignant/Tiroides4/tiroides80.png,"A B-mode ultrasound of the thyroid, labeled malignant.",malignant,tissue+condition
train/Malignant/Tiroides4/tiroides81.png,This sonogram of the thyroid is labeled malignant.,malignant,tissue+condition
train/Malignant/Tiroides4/tiroides82.png,"A B-mode ultrasound of the thyroid, labeled malignant.",malignant,tissue+condition
train/Malignant/Tiroides4/tiroides83.png,"A B-mode ultrasound of the thyroid, labeled malignant.",malignant,tissue+condition
train/Malignant/Tiroides4/tiroides84.png,"A diagnostic ultrasound image of the thyroid, tagged as malignant.",malignant,tissue+condition
train/Malignant/Tiroides4/tiroides85.png,Sonographic appearance of malignant thyroid.,malignant,tissue+condition
train/Malignant/Tiroides4/tiroides87.png,"A clinical ultrasound scan of the thyroid, categorized as malignant.",malignant,tissue+condition
train/Malignant/Tiroides4/tiroides88.png,An ultrasound image of the thyroid with malignant findings.,malignant,tissue+condition
train/Malignant/Tiroides4/tiroides89.png,An ultrasound image of the thyroid with malignant findings.,malignant,tissue+condition
train/Malignant/Tiroides4/tiroides90.png,Echographic appearance of the thyroid with malignant features.,malignant,tissue+condition
train/Malignant/Tiroides4/tiroides91.png,An ultrasound image of the thyroid with malignant findings.,malignant,tissue+condition
train/Malignant/Tiroides4/tiroides92.png,"A clinical ultrasound scan of the thyroid, categorized as malignant.",malignant,tissue+condition
train/Malignant/Tiroides4/tiroides93.png,Echographic appearance of the thyroid with malignant features.,malignant,tissue+condition
train/Malignant/Tiroides4/tiroides94.png,Echographic appearance of the thyroid with malignant features.,malignant,tissue+condition
train/Malignant/Tiroides4/tiroides95.png,This sonogram of the thyroid is labeled malignant.,malignant,tissue+condition
train/Malignant/Tiroides4/tiroides96.png,Sonographic appearance of malignant thyroid.,malignant,tissue+condition
train/Malignant/Tiroides4/tiroides97.png,This ultrasound image shows the thyroid with a malignant label.,malignant,tissue+condition
train/Malignant/Tiroides4/tiroides98.png,Ultrasound of the thyroid with malignant appearance.,malignant,tissue+condition
train/Malignant/Tiroides4/tiroides99.png,This sonogram of the thyroid is labeled malignant.,malignant,tissue+condition
train/Malignant/Tiroides5/117.png,A grayscale ultrasound image demonstrating malignant changes in the thyroid.,malignant,tissue+condition
train/Malignant/Tiroides5/tiroides (43).png,Sonographic appearance of malignant thyroid.,malignant,tissue+condition
train/Malignant/Tiroides5/tiroides (57).png,Sonographic appearance of malignant thyroid.,malignant,tissue+condition
train/Malignant/Tiroides5/tiroides1.png,Sonographic appearance of malignant thyroid.,malignant,tissue+condition
train/Malignant/Tiroides5/tiroides10.png,"A B-mode ultrasound of the thyroid, labeled malignant.",malignant,tissue+condition
train/Malignant/Tiroides5/tiroides100.png,A grayscale ultrasound image demonstrating malignant changes in the thyroid.,malignant,tissue+condition
train/Malignant/Tiroides5/tiroides101 (1).png,This sonogram of the thyroid is labeled malignant.,malignant,tissue+condition
train/Malignant/Tiroides5/tiroides101 (10).png,A grayscale ultrasound image demonstrating malignant changes in the thyroid.,malignant,tissue+condition
train/Malignant/Tiroides5/tiroides101 (11).png,This ultrasound image shows the thyroid with a malignant label.,malignant,tissue+condition
train/Malignant/Tiroides5/tiroides101 (12).png,"A diagnostic ultrasound image of the thyroid, tagged as malignant.",malignant,tissue+condition
train/Malignant/Tiroides5/tiroides101 (13).png,A grayscale ultrasound image demonstrating malignant changes in the thyroid.,malignant,tissue+condition
train/Malignant/Tiroides5/tiroides101 (14).png,Sonographic appearance of malignant thyroid.,malignant,tissue+condition
train/Malignant/Tiroides5/tiroides101 (15).png,This ultrasound image shows the thyroid with a malignant label.,malignant,tissue+condition
train/Malignant/Tiroides5/tiroides101 (16).png,"A diagnostic ultrasound image of the thyroid, tagged as malignant.",malignant,tissue+condition
train/Malignant/Tiroides5/tiroides101 (17).png,"A clinical ultrasound scan of the thyroid, categorized as malignant.",malignant,tissue+condition
train/Malignant/Tiroides5/tiroides101 (18).png,"A diagnostic ultrasound image of the thyroid, tagged as malignant.",malignant,tissue+condition
train/Malignant/Tiroides5/tiroides101 (19).png,"A clinical ultrasound scan of the thyroid, categorized as malignant.",malignant,tissue+condition
train/Malignant/Tiroides5/tiroides101 (2).png,An ultrasound image of the thyroid with malignant findings.,malignant,tissue+condition
train/Malignant/Tiroides5/tiroides101 (20).png,"A diagnostic ultrasound image of the thyroid, tagged as malignant.",malignant,tissue+condition
train/Malignant/Tiroides5/tiroides101 (21).png,"A clinical ultrasound scan of the thyroid, categorized as malignant.",malignant,tissue+condition
train/Malignant/Tiroides5/tiroides101 (22).png,Ultrasound of the thyroid with malignant appearance.,malignant,tissue+condition
train/Malignant/Tiroides5/tiroides101 (23).png,Sonographic appearance of malignant thyroid.,malignant,tissue+condition
train/Malignant/Tiroides5/tiroides101 (24).png,"A B-mode ultrasound of the thyroid, labeled malignant.",malignant,tissue+condition
train/Malignant/Tiroides5/tiroides101 (25).png,"A diagnostic ultrasound image of the thyroid, tagged as malignant.",malignant,tissue+condition
train/Malignant/Tiroides5/tiroides101 (26).png,Echographic appearance of the thyroid with malignant features.,malignant,tissue+condition
train/Malignant/Tiroides5/tiroides101 (27).png,A grayscale ultrasound image demonstrating malignant changes in the thyroid.,malignant,tissue+condition
train/Malignant/Tiroides5/tiroides101 (28).png,"A clinical ultrasound scan of the thyroid, categorized as malignant.",malignant,tissue+condition
train/Malignant/Tiroides5/tiroides101 (29).png,This sonogram of the thyroid is labeled malignant.,malignant,tissue+condition
train/Malignant/Tiroides5/tiroides101 (3).png,"A clinical ultrasound scan of the thyroid, categorized as malignant.",malignant,tissue+condition
train/Malignant/Tiroides5/tiroides101 (30).png,"A diagnostic ultrasound image of the thyroid, tagged as malignant.",malignant,tissue+condition
train/Malignant/Tiroides5/tiroides101 (31).png,"A clinical ultrasound scan of the thyroid, categorized as malignant.",malignant,tissue+condition
train/Malignant/Tiroides5/tiroides101 (32).png,This ultrasound image shows the thyroid with a malignant label.,malignant,tissue+condition
train/Malignant/Tiroides5/tiroides101 (33).png,This sonogram of the thyroid is labeled malignant.,malignant,tissue+condition
train/Malignant/Tiroides5/tiroides101 (34).png,"A diagnostic ultrasound image of the thyroid, tagged as malignant.",malignant,tissue+condition
train/Malignant/Tiroides5/tiroides101 (35).png,"A B-mode ultrasound of the thyroid, labeled malignant.",malignant,tissue+condition
train/Malignant/Tiroides5/tiroides101 (36).png,This ultrasound image shows the thyroid with a malignant label.,malignant,tissue+condition
train/Malignant/Tiroides5/tiroides101 (37).png,This sonogram of the thyroid is labeled malignant.,malignant,tissue+condition
train/Malignant/Tiroides5/tiroides101 (38).png,A grayscale ultrasound image demonstrating malignant changes in the thyroid.,malignant,tissue+condition
train/Malignant/Tiroides5/tiroides101 (39).png,Echographic appearance of the thyroid with malignant features.,malignant,tissue+condition
train/Malignant/Tiroides5/tiroides101 (4).png,A grayscale ultrasound image demonstrating malignant changes in the thyroid.,malignant,tissue+condition
train/Malignant/Tiroides5/tiroides101 (40).png,"A clinical ultrasound scan of the thyroid, categorized as malignant.",malignant,tissue+condition
train/Malignant/Tiroides5/tiroides101 (41).png,"A clinical ultrasound scan of the thyroid, categorized as malignant.",malignant,tissue+condition
train/Malignant/Tiroides5/tiroides101 (42).png,An ultrasound image of the thyroid with malignant findings.,malignant,tissue+condition
train/Malignant/Tiroides5/tiroides101 (43).png,This sonogram of the thyroid is labeled malignant.,malignant,tissue+condition
train/Malignant/Tiroides5/tiroides101 (44).png,"A clinical ultrasound scan of the thyroid, categorized as malignant.",malignant,tissue+condition
train/Malignant/Tiroides5/tiroides101 (45).png,An ultrasound image of the thyroid with malignant findings.,malignant,tissue+condition
train/Malignant/Tiroides5/tiroides101 (46).png,A grayscale ultrasound image demonstrating malignant changes in the thyroid.,malignant,tissue+condition
train/Malignant/Tiroides5/tiroides101 (47).png,An ultrasound image of the thyroid with malignant findings.,malignant,tissue+condition
train/Malignant/Tiroides5/tiroides101 (48).png,A grayscale ultrasound image demonstrating malignant changes in the thyroid.,malignant,tissue+condition
train/Malignant/Tiroides5/tiroides101 (49).png,"A diagnostic ultrasound image of the thyroid, tagged as malignant.",malignant,tissue+condition
train/Malignant/Tiroides5/tiroides101 (5).png,"A clinical ultrasound scan of the thyroid, categorized as malignant.",malignant,tissue+condition
train/Malignant/Tiroides5/tiroides101 (50).png,This ultrasound image shows the thyroid with a malignant label.,malignant,tissue+condition
train/Malignant/Tiroides5/tiroides101 (51).png,A grayscale ultrasound image demonstrating malignant changes in the thyroid.,malignant,tissue+condition
train/Malignant/Tiroides5/tiroides101 (52).png,Echographic appearance of the thyroid with malignant features.,malignant,tissue+condition
train/Malignant/Tiroides5/tiroides101 (53).png,This ultrasound image shows the thyroid with a malignant label.,malignant,tissue+condition
train/Malignant/Tiroides5/tiroides101 (54).png,This ultrasound image shows the thyroid with a malignant label.,malignant,tissue+condition
train/Malignant/Tiroides5/tiroides101 (55).png,A grayscale ultrasound image demonstrating malignant changes in the thyroid.,malignant,tissue+condition
train/Malignant/Tiroides5/tiroides101 (56).png,"A clinical ultrasound scan of the thyroid, categorized as malignant.",malignant,tissue+condition
train/Malignant/Tiroides5/tiroides101 (57).png,Sonographic appearance of malignant thyroid.,malignant,tissue+condition
train/Malignant/Tiroides5/tiroides101 (58).png,"A B-mode ultrasound of the thyroid, labeled malignant.",malignant,tissue+condition
train/Malignant/Tiroides5/tiroides101 (59).png,An ultrasound image of the thyroid with malignant findings.,malignant,tissue+condition
train/Malignant/Tiroides5/tiroides101 (6).png,"A clinical ultrasound scan of the thyroid, categorized as malignant.",malignant,tissue+condition
train/Malignant/Tiroides5/tiroides101 (60).png,"A diagnostic ultrasound image of the thyroid, tagged as malignant.",malignant,tissue+condition
train/Malignant/Tiroides5/tiroides101 (61).png,An ultrasound image of the thyroid with malignant findings.,malignant,tissue+condition
train/Malignant/Tiroides5/tiroides101 (62).png,A grayscale ultrasound image demonstrating malignant changes in the thyroid.,malignant,tissue+condition
train/Malignant/Tiroides5/tiroides101 (63).png,Echographic appearance of the thyroid with malignant features.,malignant,tissue+condition
train/Malignant/Tiroides5/tiroides101 (64).png,Sonographic appearance of malignant thyroid.,malignant,tissue+condition
train/Malignant/Tiroides5/tiroides101 (65).png,"A B-mode ultrasound of the thyroid, labeled malignant.",malignant,tissue+condition
train/Malignant/Tiroides5/tiroides101 (66).png,"A clinical ultrasound scan of the thyroid, categorized as malignant.",malignant,tissue+condition
train/Malignant/Tiroides5/tiroides101 (67).png,Echographic appearance of the thyroid with malignant features.,malignant,tissue+condition
train/Malignant/Tiroides5/tiroides101 (68).png,This sonogram of the thyroid is labeled malignant.,malignant,tissue+condition
train/Malignant/Tiroides5/tiroides101 (69).png,Sonographic appearance of malignant thyroid.,malignant,tissue+condition
train/Malignant/Tiroides5/tiroides101 (7).png,This ultrasound image shows the thyroid with a malignant label.,malignant,tissue+condition
train/Malignant/Tiroides5/tiroides101 (8).png,Sonographic appearance of malignant thyroid.,malignant,tissue+condition
train/Malignant/Tiroides5/tiroides101 (9).png,Ultrasound of the thyroid with malignant appearance.,malignant,tissue+condition
train/Malignant/Tiroides5/tiroides101.png,Echographic appearance of the thyroid with malignant features.,malignant,tissue+condition
train/Malignant/Tiroides5/tiroides102.png,Ultrasound of the thyroid with malignant appearance.,malignant,tissue+condition
train/Malignant/Tiroides5/tiroides103.png,Ultrasound of the thyroid with malignant appearance.,malignant,tissue+condition
train/Malignant/Tiroides5/tiroides104.png,"A clinical ultrasound scan of the thyroid, categorized as malignant.",malignant,tissue+condition
train/Malignant/Tiroides5/tiroides105.png,Sonographic appearance of malignant thyroid.,malignant,tissue+condition
train/Malignant/Tiroides5/tiroides106.png,"A clinical ultrasound scan of the thyroid, categorized as malignant.",malignant,tissue+condition
train/Malignant/Tiroides5/tiroides107.png,"A diagnostic ultrasound image of the thyroid, tagged as malignant.",malignant,tissue+condition
train/Malignant/Tiroides5/tiroides108.png,"A clinical ultrasound scan of the thyroid, categorized as malignant.",malignant,tissue+condition
train/Malignant/Tiroides5/tiroides109.png,Echographic appearance of the thyroid with malignant features.,malignant,tissue+condition
train/Malignant/Tiroides5/tiroides11.png,"A B-mode ultrasound of the thyroid, labeled malignant.",malignant,tissue+condition
train/Malignant/Tiroides5/tiroides110.png,"A diagnostic ultrasound image of the thyroid, tagged as malignant.",malignant,tissue+condition
train/Malignant/Tiroides5/tiroides111.png,"A B-mode ultrasound of the thyroid, labeled malignant.",malignant,tissue+condition
train/Malignant/Tiroides5/tiroides112.png,Sonographic appearance of malignant thyroid.,malignant,tissue+condition
train/Malignant/Tiroides5/tiroides113.png,This ultrasound image shows the thyroid with a malignant label.,malignant,tissue+condition
train/Malignant/Tiroides5/tiroides114.png,This sonogram of the thyroid is labeled malignant.,malignant,tissue+condition
train/Malignant/Tiroides5/tiroides115.png,Ultrasound of the thyroid with malignant appearance.,malignant,tissue+condition
train/Malignant/Tiroides5/tiroides116.png,Echographic appearance of the thyroid with malignant features.,malignant,tissue+condition
train/Malignant/Tiroides5/tiroides117.png,"A B-mode ultrasound of the thyroid, labeled malignant.",malignant,tissue+condition
train/Malignant/Tiroides5/tiroides118.png,This sonogram of the thyroid is labeled malignant.,malignant,tissue+condition
train/Malignant/Tiroides5/tiroides12.png,An ultrasound image of the thyroid with malignant findings.,malignant,tissue+condition
train/Malignant/Tiroides5/tiroides13.png,"A clinical ultrasound scan of the thyroid, categorized as malignant.",malignant,tissue+condition
train/Malignant/Tiroides5/tiroides14.png,Ultrasound of the thyroid with malignant appearance.,malignant,tissue+condition
train/Malignant/Tiroides5/tiroides148.png,"A B-mode ultrasound of the thyroid, labeled malignant.",malignant,tissue+condition
train/Malignant/Tiroides5/tiroides15.png,"A diagnostic ultrasound image of the thyroid, tagged as malignant.",malignant,tissue+condition
train/Malignant/Tiroides5/tiroides16.png,Echographic appearance of the thyroid with malignant features.,malignant,tissue+condition
train/Malignant/Tiroides5/tiroides17.png,"A clinical ultrasound scan of the thyroid, categorized as malignant.",malignant,tissue+condition
train/Malignant/Tiroides5/tiroides18.png,A grayscale ultrasound image demonstrating malignant changes in the thyroid.,malignant,tissue+condition
train/Malignant/Tiroides5/tiroides19.png,This sonogram of the thyroid is labeled malignant.,malignant,tissue+condition
train/Malignant/Tiroides5/tiroides2.png,Echographic appearance of the thyroid with malignant features.,malignant,tissue+condition
train/Malignant/Tiroides5/tiroides20.png,"A B-mode ultrasound of the thyroid, labeled malignant.",malignant,tissue+condition
train/Malignant/Tiroides5/tiroides21.png,This ultrasound image shows the thyroid with a malignant label.,malignant,tissue+condition
train/Malignant/Tiroides5/tiroides22.png,"A diagnostic ultrasound image of the thyroid, tagged as malignant.",malignant,tissue+condition
train/Malignant/Tiroides5/tiroides23.png,An ultrasound image of the thyroid with malignant findings.,malignant,tissue+condition
train/Malignant/Tiroides5/tiroides24.png,A grayscale ultrasound image demonstrating malignant changes in the thyroid.,malignant,tissue+condition
train/Malignant/Tiroides5/tiroides25.png,Ultrasound of the thyroid with malignant appearance.,malignant,tissue+condition
train/Malignant/Tiroides5/tiroides26.png,Echographic appearance of the thyroid with malignant features.,malignant,tissue+condition
train/Malignant/Tiroides5/tiroides27.png,A grayscale ultrasound image demonstrating malignant changes in the thyroid.,malignant,tissue+condition
train/Malignant/Tiroides5/tiroides28.png,This ultrasound image shows the thyroid with a malignant label.,malignant,tissue+condition
train/Malignant/Tiroides5/tiroides281.png,"A B-mode ultrasound of the thyroid, labeled malignant.",malignant,tissue+condition
train/Malignant/Tiroides5/tiroides29.png,"A diagnostic ultrasound image of the thyroid, tagged as malignant.",malignant,tissue+condition
train/Malignant/Tiroides5/tiroides3.png,"A clinical ultrasound scan of the thyroid, categorized as malignant.",malignant,tissue+condition
train/Malignant/Tiroides5/tiroides30.png,This sonogram of the thyroid is labeled malignant.,malignant,tissue+condition
train/Malignant/Tiroides5/tiroides31.png,"A B-mode ultrasound of the thyroid, labeled malignant.",malignant,tissue+condition
train/Malignant/Tiroides5/tiroides32.png,Sonographic appearance of malignant thyroid.,malignant,tissue+condition
train/Malignant/Tiroides5/tiroides33.png,An ultrasound image of the thyroid with malignant findings.,malignant,tissue+condition
train/Malignant/Tiroides5/tiroides34.png,An ultrasound image of the thyroid with malignant findings.,malignant,tissue+condition
train/Malignant/Tiroides5/tiroides35.png,"A clinical ultrasound scan of the thyroid, categorized as malignant.",malignant,tissue+condition
train/Malignant/Tiroides5/tiroides36.png,"A diagnostic ultrasound image of the thyroid, tagged as malignant.",malignant,tissue+condition
train/Malignant/Tiroides5/tiroides37.png,"A B-mode ultrasound of the thyroid, labeled malignant.",malignant,tissue+condition
train/Malignant/Tiroides5/tiroides38.png,"A B-mode ultrasound of the thyroid, labeled malignant.",malignant,tissue+condition
train/Malignant/Tiroides5/tiroides39.png,This ultrasound image shows the thyroid with a malignant label.,malignant,tissue+condition
train/Malignant/Tiroides5/tiroides4.png,Ultrasound of the thyroid with malignant appearance.,malignant,tissue+condition
train/Malignant/Tiroides5/tiroides40.png,Sonographic appearance of malignant thyroid.,malignant,tissue+condition
train/Malignant/Tiroides5/tiroides41.png,This sonogram of the thyroid is labeled malignant.,malignant,tissue+condition
train/Malignant/Tiroides5/tiroides42.png,"A diagnostic ultrasound image of the thyroid, tagged as malignant.",malignant,tissue+condition
train/Malignant/Tiroides5/tiroides43.png,Echographic appearance of the thyroid with malignant features.,malignant,tissue+condition
train/Malignant/Tiroides5/tiroides44.png,Ultrasound of the thyroid with malignant appearance.,malignant,tissue+condition
train/Malignant/Tiroides5/tiroides45.png,This sonogram of the thyroid is labeled malignant.,malignant,tissue+condition
train/Malignant/Tiroides5/tiroides46.png,A grayscale ultrasound image demonstrating malignant changes in the thyroid.,malignant,tissue+condition
train/Malignant/Tiroides5/tiroides47.png,Sonographic appearance of malignant thyroid.,malignant,tissue+condition
train/Malignant/Tiroides5/tiroides48.png,This sonogram of the thyroid is labeled malignant.,malignant,tissue+condition
train/Malignant/Tiroides5/tiroides49.png,"A B-mode ultrasound of the thyroid, labeled malignant.",malignant,tissue+condition
train/Malignant/Tiroides5/tiroides5.png,"A diagnostic ultrasound image of the thyroid, tagged as malignant.",malignant,tissue+condition
train/Malignant/Tiroides5/tiroides50.png,A grayscale ultrasound image demonstrating malignant changes in the thyroid.,malignant,tissue+condition
train/Malignant/Tiroides5/tiroides51.png,This sonogram of the thyroid is labeled malignant.,malignant,tissue+condition
train/Malignant/Tiroides5/tiroides52.png,"A clinical ultrasound scan of the thyroid, categorized as malignant.",malignant,tissue+condition
train/Malignant/Tiroides5/tiroides53.png,An ultrasound image of the thyroid with malignant findings.,malignant,tissue+condition
train/Malignant/Tiroides5/tiroides54.png,Echographic appearance of the thyroid with malignant features.,malignant,tissue+condition
train/Malignant/Tiroides5/tiroides55.png,This ultrasound image shows the thyroid with a malignant label.,malignant,tissue+condition
train/Malignant/Tiroides5/tiroides56.png,"A diagnostic ultrasound image of the thyroid, tagged as malignant.",malignant,tissue+condition
train/Malignant/Tiroides5/tiroides57.png,"A diagnostic ultrasound image of the thyroid, tagged as malignant.",malignant,tissue+condition
train/Malignant/Tiroides5/tiroides58.png,This ultrasound image shows the thyroid with a malignant label.,malignant,tissue+condition
train/Malignant/Tiroides5/tiroides59.png,Echographic appearance of the thyroid with malignant features.,malignant,tissue+condition
train/Malignant/Tiroides5/tiroides6.png,"A B-mode ultrasound of the thyroid, labeled malignant.",malignant,tissue+condition
train/Malignant/Tiroides5/tiroides60.png,Echographic appearance of the thyroid with malignant features.,malignant,tissue+condition
train/Malignant/Tiroides5/tiroides61.png,Ultrasound of the thyroid with malignant appearance.,malignant,tissue+condition
train/Malignant/Tiroides5/tiroides62.png,Echographic appearance of the thyroid with malignant features.,malignant,tissue+condition
train/Malignant/Tiroides5/tiroides63.png,An ultrasound image of the thyroid with malignant findings.,malignant,tissue+condition
train/Malignant/Tiroides5/tiroides64.png,This sonogram of the thyroid is labeled malignant.,malignant,tissue+condition
train/Malignant/Tiroides5/tiroides65.png,"A clinical ultrasound scan of the thyroid, categorized as malignant.",malignant,tissue+condition
train/Malignant/Tiroides5/tiroides66.png,This ultrasound image shows the thyroid with a malignant label.,malignant,tissue+condition
train/Malignant/Tiroides5/tiroides67.png,"A B-mode ultrasound of the thyroid, labeled malignant.",malignant,tissue+condition
train/Malignant/Tiroides5/tiroides68.png,"A diagnostic ultrasound image of the thyroid, tagged as malignant.",malignant,tissue+condition
train/Malignant/Tiroides5/tiroides69.png,"A B-mode ultrasound of the thyroid, labeled malignant.",malignant,tissue+condition
train/Malignant/Tiroides5/tiroides7.png,This ultrasound image shows the thyroid with a malignant label.,malignant,tissue+condition
train/Malignant/Tiroides5/tiroides70.png,A grayscale ultrasound image demonstrating malignant changes in the thyroid.,malignant,tissue+condition
train/Malignant/Tiroides5/tiroides71.png,An ultrasound image of the thyroid with malignant findings.,malignant,tissue+condition
train/Malignant/Tiroides5/tiroides72.png,An ultrasound image of the thyroid with malignant findings.,malignant,tissue+condition
train/Malignant/Tiroides5/tiroides73.png,Echographic appearance of the thyroid with malignant features.,malignant,tissue+condition
train/Malignant/Tiroides5/tiroides74.png,This ultrasound image shows the thyroid with a malignant label.,malignant,tissue+condition
train/Malignant/Tiroides5/tiroides75.png,Sonographic appearance of malignant thyroid.,malignant,tissue+condition
train/Malignant/Tiroides5/tiroides76.png,A grayscale ultrasound image demonstrating malignant changes in the thyroid.,malignant,tissue+condition
train/Malignant/Tiroides5/tiroides77.png,This ultrasound image shows the thyroid with a malignant label.,malignant,tissue+condition
train/Malignant/Tiroides5/tiroides78.png,"A B-mode ultrasound of the thyroid, labeled malignant.",malignant,tissue+condition
train/Malignant/Tiroides5/tiroides79.png,Ultrasound of the thyroid with malignant appearance.,malignant,tissue+condition
train/Malignant/Tiroides5/tiroides8.png,This ultrasound image shows the thyroid with a malignant label.,malignant,tissue+condition
train/Malignant/Tiroides5/tiroides80.png,A grayscale ultrasound image demonstrating malignant changes in the thyroid.,malignant,tissue+condition
train/Malignant/Tiroides5/tiroides81.png,This ultrasound image shows the thyroid with a malignant label.,malignant,tissue+condition
train/Malignant/Tiroides5/tiroides82.png,This ultrasound image shows the thyroid with a malignant label.,malignant,tissue+condition
train/Malignant/Tiroides5/tiroides83.png,Echographic appearance of the thyroid with malignant features.,malignant,tissue+condition
train/Malignant/Tiroides5/tiroides84.png,Sonographic appearance of malignant thyroid.,malignant,tissue+condition
train/Malignant/Tiroides5/tiroides85.png,A grayscale ultrasound image demonstrating malignant changes in the thyroid.,malignant,tissue+condition
train/Malignant/Tiroides5/tiroides86.png,An ultrasound image of the thyroid with malignant findings.,malignant,tissue+condition
train/Malignant/Tiroides5/tiroides87.png,"A clinical ultrasound scan of the thyroid, categorized as malignant.",malignant,tissue+condition
train/Malignant/Tiroides5/tiroides88.png,Sonographic appearance of malignant thyroid.,malignant,tissue+condition
train/Malignant/Tiroides5/tiroides89.png,Sonographic appearance of malignant thyroid.,malignant,tissue+condition
train/Malignant/Tiroides5/tiroides9.png,Ultrasound of the thyroid with malignant appearance.,malignant,tissue+condition
train/Malignant/Tiroides5/tiroides90.png,"A clinical ultrasound scan of the thyroid, categorized as malignant.",malignant,tissue+condition
train/Malignant/Tiroides5/tiroides91.png,Sonographic appearance of malignant thyroid.,malignant,tissue+condition
train/Malignant/Tiroides5/tiroides92.png,"A B-mode ultrasound of the thyroid, labeled malignant.",malignant,tissue+condition
train/Malignant/Tiroides5/tiroides93.png,An ultrasound image of the thyroid with malignant findings.,malignant,tissue+condition
train/Malignant/Tiroides5/tiroides94.png,Sonographic appearance of malignant thyroid.,malignant,tissue+condition
train/Malignant/Tiroides5/tiroides95.png,An ultrasound image of the thyroid with malignant findings.,malignant,tissue+condition
train/Malignant/Tiroides5/tiroides96.png,Echographic appearance of the thyroid with malignant features.,malignant,tissue+condition
train/Malignant/Tiroides5/tiroides97.png,This ultrasound image shows the thyroid with a malignant label.,malignant,tissue+condition
train/Malignant/Tiroides5/tiroides98.png,A grayscale ultrasound image demonstrating malignant changes in the thyroid.,malignant,tissue+condition
train/Malignant/Tiroides5/tiroides99.png,Echographic appearance of the thyroid with malignant features.,malignant,tissue+condition
train/benign/2_0 - Copy (2).png,An ultrasound image of the thyroid with benign findings.,benign,tissue+condition
train/benign/2_0 - Copy (3).png,Sonographic appearance of benign thyroid.,benign,tissue+condition
train/benign/2_0 - Copy (4).png,"A clinical ultrasound scan of the thyroid, categorized as benign.",benign,tissue+condition
train/benign/2_0 - Copy.png,An ultrasound image of the thyroid with benign findings.,benign,tissue+condition
train/benign/2_0.png,Sonographic appearance of benign thyroid.,benign,tissue+condition
train/benign/2_1 - Copy (2).png,This sonogram of the thyroid is labeled benign.,benign,tissue+condition
train/benign/2_1 - Copy (3).png,Ultrasound of the thyroid with benign appearance.,benign,tissue+condition
train/benign/2_1 - Copy (4).png,"A B-mode ultrasound of the thyroid, labeled benign.",benign,tissue+condition
train/benign/2_1 - Copy.png,"A B-mode ultrasound of the thyroid, labeled benign.",benign,tissue+condition
train/benign/2_1.png,"A diagnostic ultrasound image of the thyroid, tagged as benign.",benign,tissue+condition
train/benign/2_10 - Copy (2).png,"A diagnostic ultrasound image of the thyroid, tagged as benign.",benign,tissue+condition
train/benign/2_10 - Copy (3).png,Echographic appearance of the thyroid with benign features.,benign,tissue+condition
train/benign/2_10 - Copy (4).png,Ultrasound of the thyroid with benign appearance.,benign,tissue+condition
train/benign/2_10 - Copy.png,A grayscale ultrasound image demonstrating benign changes in the thyroid.,benign,tissue+condition
train/benign/2_10.png,"A B-mode ultrasound of the thyroid, labeled benign.",benign,tissue+condition
train/benign/2_11 - Copy (2).png,"A diagnostic ultrasound image of the thyroid, tagged as benign.",benign,tissue+condition
train/benign/2_11 - Copy (3).png,Ultrasound of the thyroid with benign appearance.,benign,tissue+condition
train/benign/2_11 - Copy (4).png,This ultrasound image shows the thyroid with a benign label.,benign,tissue+condition
train/benign/2_11 - Copy.png,A grayscale ultrasound image demonstrating benign changes in the thyroid.,benign,tissue+condition
train/benign/2_11.png,An ultrasound image of the thyroid with benign findings.,benign,tissue+condition
train/benign/2_12 - Copy (2).png,Ultrasound of the thyroid with benign appearance.,benign,tissue+condition
train/benign/2_12 - Copy (3).png,"A clinical ultrasound scan of the thyroid, categorized as benign.",benign,tissue+condition
train/benign/2_12 - Copy (4).png,"A diagnostic ultrasound image of the thyroid, tagged as benign.",benign,tissue+condition
train/benign/2_12 - Copy.png,An ultrasound image of the thyroid with benign findings.,benign,tissue+condition
train/benign/2_12.png,An ultrasound image of the thyroid with benign findings.,benign,tissue+condition
train/benign/2_13 - Copy (2).png,"A diagnostic ultrasound image of the thyroid, tagged as benign.",benign,tissue+condition
train/benign/2_13 - Copy (3).png,This sonogram of the thyroid is labeled benign.,benign,tissue+condition
train/benign/2_13 - Copy (4).png,This sonogram of the thyroid is labeled benign.,benign,tissue+condition
train/benign/2_13 - Copy.png,"A B-mode ultrasound of the thyroid, labeled benign.",benign,tissue+condition
train/benign/2_13.png,"A diagnostic ultrasound image of the thyroid, tagged as benign.",benign,tissue+condition
train/benign/2_14 - Copy (2).png,"A diagnostic ultrasound image of the thyroid, tagged as benign.",benign,tissue+condition
train/benign/2_14 - Copy (3).png,"A B-mode ultrasound of the thyroid, labeled benign.",benign,tissue+condition
train/benign/2_14 - Copy (4).png,"A B-mode ultrasound of the thyroid, labeled benign.",benign,tissue+condition
train/benign/2_14 - Copy.png,Echographic appearance of the thyroid with benign features.,benign,tissue+condition
train/benign/2_14.png,A grayscale ultrasound image demonstrating benign changes in the thyroid.,benign,tissue+condition
train/benign/2_15 - Copy (2).png,Sonographic appearance of benign thyroid.,benign,tissue+condition
train/benign/2_15 - Copy (3).png,"A B-mode ultrasound of the thyroid, labeled benign.",benign,tissue+condition
train/benign/2_15 - Copy (4).png,Sonographic appearance of benign thyroid.,benign,tissue+condition
train/benign/2_15 - Copy.png,"A clinical ultrasound scan of the thyroid, categorized as benign.",benign,tissue+condition
train/benign/2_15.png,A grayscale ultrasound image demonstrating benign changes in the thyroid.,benign,tissue+condition
train/benign/2_16 - Copy (2).png,A grayscale ultrasound image demonstrating benign changes in the thyroid.,benign,tissue+condition
train/benign/2_16 - Copy (3).png,Ultrasound of the thyroid with benign appearance.,benign,tissue+condition
train/benign/2_16 - Copy (4).png,Echographic appearance of the thyroid with benign features.,benign,tissue+condition
train/benign/2_16 - Copy.png,This sonogram of the thyroid is labeled benign.,benign,tissue+condition
train/benign/2_16.png,A grayscale ultrasound image demonstrating benign changes in the thyroid.,benign,tissue+condition
train/benign/2_17 - Copy (2).png,Ultrasound of the thyroid with benign appearance.,benign,tissue+condition
train/benign/2_17 - Copy (3).png,"A clinical ultrasound scan of the thyroid, categorized as benign.",benign,tissue+condition
train/benign/2_17 - Copy (4).png,"A diagnostic ultrasound image of the thyroid, tagged as benign.",benign,tissue+condition
train/benign/2_17 - Copy.png,Ultrasound of the thyroid with benign appearance.,benign,tissue+condition
train/benign/2_17.png,A grayscale ultrasound image demonstrating benign changes in the thyroid.,benign,tissue+condition
train/benign/2_18 - Copy (2).png,This sonogram of the thyroid is labeled benign.,benign,tissue+condition
train/benign/2_18 - Copy (3).png,"A B-mode ultrasound of the thyroid, labeled benign.",benign,tissue+condition
train/benign/2_18 - Copy (4).png,"A B-mode ultrasound of the thyroid, labeled benign.",benign,tissue+condition
train/benign/2_18 - Copy.png,Ultrasound of the thyroid with benign appearance.,benign,tissue+condition
train/benign/2_18.png,This ultrasound image shows the thyroid with a benign label.,benign,tissue+condition
train/benign/2_19 - Copy (2).png,This sonogram of the thyroid is labeled benign.,benign,tissue+condition
train/benign/2_19 - Copy (3).png,"A diagnostic ultrasound image of the thyroid, tagged as benign.",benign,tissue+condition
train/benign/2_19 - Copy (4).png,This ultrasound image shows the thyroid with a benign label.,benign,tissue+condition
train/benign/2_19 - Copy.png,This sonogram of the thyroid is labeled benign.,benign,tissue+condition
train/benign/2_19.png,Echographic appearance of the thyroid with benign features.,benign,tissue+condition
train/benign/2_2 - Copy (2).png,"A diagnostic ultrasound image of the thyroid, tagged as benign.",benign,tissue+condition
train/benign/2_2 - Copy (3).png,This sonogram of the thyroid is labeled benign.,benign,tissue+condition
train/benign/2_2 - Copy (4).png,This sonogram of the thyroid is labeled benign.,benign,tissue+condition
train/benign/2_2 - Copy.png,"A B-mode ultrasound of the thyroid, labeled benign.",benign,tissue+condition
train/benign/2_2.png,Echographic appearance of the thyroid with benign features.,benign,tissue+condition
train/benign/2_20 - Copy (2).png,This sonogram of the thyroid is labeled benign.,benign,tissue+condition
train/benign/2_20 - Copy (3).png,Echographic appearance of the thyroid with benign features.,benign,tissue+condition
train/benign/2_20 - Copy (4).png,"A clinical ultrasound scan of the thyroid, categorized as benign.",benign,tissue+condition
train/benign/2_20 - Copy.png,Echographic appearance of the thyroid with benign features.,benign,tissue+condition
train/benign/2_20.png,Sonographic appearance of benign thyroid.,benign,tissue+condition
train/benign/2_21 - Copy (2).png,"A diagnostic ultrasound image of the thyroid, tagged as benign.",benign,tissue+condition
train/benign/2_21 - Copy (3).png,"A B-mode ultrasound of the thyroid, labeled benign.",benign,tissue+condition
train/benign/2_21 - Copy (4).png,"A B-mode ultrasound of the thyroid, labeled benign.",benign,tissue+condition
train/benign/2_21 - Copy.png,"A B-mode ultrasound of the thyroid, labeled benign.",benign,tissue+condition
train/benign/2_21.png,"A B-mode ultrasound of the thyroid, labeled benign.",benign,tissue+condition
train/benign/2_22 - Copy (2).png,This sonogram of the thyroid is labeled benign.,benign,tissue+condition
train/benign/2_22 - Copy (3).png,"A B-mode ultrasound of the thyroid, labeled benign.",benign,tissue+condition
train/benign/2_22 - Copy (4).png,Echographic appearance of the thyroid with benign features.,benign,tissue+condition
train/benign/2_22 - Copy.png,Sonographic appearance of benign thyroid.,benign,tissue+condition
train/benign/2_22.png,Ultrasound of the thyroid with benign appearance.,benign,tissue+condition
train/benign/2_23 - Copy (2).png,An ultrasound image of the thyroid with benign findings.,benign,tissue+condition
train/benign/2_23 - Copy (3).png,A grayscale ultrasound image demonstrating benign changes in the thyroid.,benign,tissue+condition
train/benign/2_23 - Copy (4).png,Ultrasound of the thyroid with benign appearance.,benign,tissue+condition
train/benign/2_23 - Copy.png,Ultrasound of the thyroid with benign appearance.,benign,tissue+condition
train/benign/2_23.png,Echographic appearance of the thyroid with benign features.,benign,tissue+condition
train/benign/2_24 - Copy (2).png,"A B-mode ultrasound of the thyroid, labeled benign.",benign,tissue+condition
train/benign/2_24 - Copy (3).png,This sonogram of the thyroid is labeled benign.,benign,tissue+condition
train/benign/2_24 - Copy (4).png,Echographic appearance of the thyroid with benign features.,benign,tissue+condition
train/benign/2_24 - Copy.png,This sonogram of the thyroid is labeled benign.,benign,tissue+condition
train/benign/2_24.png,An ultrasound image of the thyroid with benign findings.,benign,tissue+condition
train/benign/2_25 - Copy (2).png,"A clinical ultrasound scan of the thyroid, categorized as benign.",benign,tissue+condition
train/benign/2_25 - Copy (3).png,A grayscale ultrasound image demonstrating benign changes in the thyroid.,benign,tissue+condition
train/benign/2_25 - Copy (4).png,"A clinical ultrasound scan of the thyroid, categorized as benign.",benign,tissue+condition
train/benign/2_25 - Copy.png,Echographic appearance of the thyroid with benign features.,benign,tissue+condition
train/benign/2_25.png,"A B-mode ultrasound of the thyroid, labeled benign.",benign,tissue+condition
train/benign/2_26 - Copy (2).png,A grayscale ultrasound image demonstrating benign changes in the thyroid.,benign,tissue+condition
train/benign/2_26 - Copy (3).png,Ultrasound of the thyroid with benign appearance.,benign,tissue+condition
train/benign/2_26 - Copy (4).png,This ultrasound image shows the thyroid with a benign label.,benign,tissue+condition
train/benign/2_26 - Copy.png,Sonographic appearance of benign thyroid.,benign,tissue+condition
train/benign/2_26.png,"A diagnostic ultrasound image of the thyroid, tagged as benign.",benign,tissue+condition
train/benign/2_27 - Copy (2).png,This ultrasound image shows the thyroid with a benign label.,benign,tissue+condition
train/benign/2_27 - Copy (3).png,"A B-mode ultrasound of the thyroid, labeled benign.",benign,tissue+condition
train/benign/2_27 - Copy (4).png,Echographic appearance of the thyroid with benign features.,benign,tissue+condition
train/benign/2_27 - Copy.png,Ultrasound of the thyroid with benign appearance.,benign,tissue+condition
train/benign/2_27.png,Echographic appearance of the thyroid with benign features.,benign,tissue+condition
train/benign/2_28 - Copy (2).png,"A B-mode ultrasound of the thyroid, labeled benign.",benign,tissue+condition
train/benign/2_28 - Copy (3).png,"A clinical ultrasound scan of the thyroid, categorized as benign.",benign,tissue+condition
train/benign/2_28 - Copy (4).png,A grayscale ultrasound image demonstrating benign changes in the thyroid.,benign,tissue+condition
train/benign/2_28 - Copy.png,This ultrasound image shows the thyroid with a benign label.,benign,tissue+condition
train/benign/2_28.png,This sonogram of the thyroid is labeled benign.,benign,tissue+condition
train/benign/2_29 - Copy (2).png,Ultrasound of the thyroid with benign appearance.,benign,tissue+condition
train/benign/2_29 - Copy (3).png,A grayscale ultrasound image demonstrating benign changes in the thyroid.,benign,tissue+condition
train/benign/2_29 - Copy (4).png,A grayscale ultrasound image demonstrating benign changes in the thyroid.,benign,tissue+condition
train/benign/2_29 - Copy.png,Ultrasound of the thyroid with benign appearance.,benign,tissue+condition
train/benign/2_29.png,An ultrasound image of the thyroid with benign findings.,benign,tissue+condition
train/benign/2_3 - Copy (2).png,A grayscale ultrasound image demonstrating benign changes in the thyroid.,benign,tissue+condition
train/benign/2_3 - Copy (3).png,"A clinical ultrasound scan of the thyroid, categorized as benign.",benign,tissue+condition
train/benign/2_3 - Copy (4).png,An ultrasound image of the thyroid with benign findings.,benign,tissue+condition
train/benign/2_3 - Copy.png,Sonographic appearance of benign thyroid.,benign,tissue+condition
train/benign/2_3.png,"A clinical ultrasound scan of the thyroid, categorized as benign.",benign,tissue+condition
train/benign/2_30 - Copy (2).png,"A clinical ultrasound scan of the thyroid, categorized as benign.",benign,tissue+condition
train/benign/2_30 - Copy (3).png,Echographic appearance of the thyroid with benign features.,benign,tissue+condition
train/benign/2_30 - Copy (4).png,Echographic appearance of the thyroid with benign features.,benign,tissue+condition
train/benign/2_30 - Copy.png,An ultrasound image of the thyroid with benign findings.,benign,tissue+condition
train/benign/2_30.png,Sonographic appearance of benign thyroid.,benign,tissue+condition
train/benign/2_31 - Copy (2).png,Sonographic appearance of benign thyroid.,benign,tissue+condition
train/benign/2_31 - Copy (3).png,A grayscale ultrasound image demonstrating benign changes in the thyroid.,benign,tissue+condition
train/benign/2_31 - Copy (4).png,This sonogram of the thyroid is labeled benign.,benign,tissue+condition
train/benign/2_31 - Copy.png,"A B-mode ultrasound of the thyroid, labeled benign.",benign,tissue+condition
train/benign/2_31.png,Sonographic appearance of benign thyroid.,benign,tissue+condition
train/benign/2_32 - Copy (2).png,An ultrasound image of the thyroid with benign findings.,benign,tissue+condition
train/benign/2_32 - Copy (3).png,"A B-mode ultrasound of the thyroid, labeled benign.",benign,tissue+condition
train/benign/2_32 - Copy (4).png,Ultrasound of the thyroid with benign appearance.,benign,tissue+condition
train/benign/2_32 - Copy.png,This ultrasound image shows the thyroid with a benign label.,benign,tissue+condition
train/benign/2_32.png,This sonogram of the thyroid is labeled benign.,benign,tissue+condition
train/benign/2_33 - Copy (2).png,This sonogram of the thyroid is labeled benign.,benign,tissue+condition
train/benign/2_33 - Copy (3).png,"A diagnostic ultrasound image of the thyroid, tagged as benign.",benign,tissue+condition
train/benign/2_33 - Copy (4).png,Echographic appearance of the thyroid with benign features.,benign,tissue+condition
train/benign/2_33 - Copy.png,Sonographic appearance of benign thyroid.,benign,tissue+condition
train/benign/2_33.png,Echographic appearance of the thyroid with benign features.,benign,tissue+condition
train/benign/2_34 - Copy (2).png,"A clinical ultrasound scan of the thyroid, categorized as benign.",benign,tissue+condition
train/benign/2_34 - Copy (3).png,Echographic appearance of the thyroid with benign features.,benign,tissue+condition
train/benign/2_34 - Copy (4).png,A grayscale ultrasound image demonstrating benign changes in the thyroid.,benign,tissue+condition
train/benign/2_34 - Copy.png,A grayscale ultrasound image demonstrating benign changes in the thyroid.,benign,tissue+condition
train/benign/2_34.png,"A B-mode ultrasound of the thyroid, labeled benign.",benign,tissue+condition
train/benign/2_35 - Copy (2).png,An ultrasound image of the thyroid with benign findings.,benign,tissue+condition
train/benign/2_35 - Copy (3).png,Sonographic appearance of benign thyroid.,benign,tissue+condition
train/benign/2_35 - Copy (4).png,Sonographic appearance of benign thyroid.,benign,tissue+condition
train/benign/2_35 - Copy.png,A grayscale ultrasound image demonstrating benign changes in the thyroid.,benign,tissue+condition
train/benign/2_35.png,An ultrasound image of the thyroid with benign findings.,benign,tissue+condition
train/benign/2_36 - Copy (2).png,"A B-mode ultrasound of the thyroid, labeled benign.",benign,tissue+condition
train/benign/2_36 - Copy (3).png,"A clinical ultrasound scan of the thyroid, categorized as benign.",benign,tissue+condition
train/benign/2_36 - Copy (4).png,"A diagnostic ultrasound image of the thyroid, tagged as benign.",benign,tissue+condition
train/benign/2_36 - Copy.png,This sonogram of the thyroid is labeled benign.,benign,tissue+condition
train/benign/2_36.png,"A diagnostic ultrasound image of the thyroid, tagged as benign.",benign,tissue+condition
train/benign/2_37 - Copy (2).png,A grayscale ultrasound image demonstrating benign changes in the thyroid.,benign,tissue+condition
train/benign/2_37 - Copy (3).png,"A diagnostic ultrasound image of the thyroid, tagged as benign.",benign,tissue+condition
train/benign/2_37 - Copy (4).png,This sonogram of the thyroid is labeled benign.,benign,tissue+condition
train/benign/2_37 - Copy.png,"A clinical ultrasound scan of the thyroid, categorized as benign.",benign,tissue+condition
train/benign/2_37.png,This ultrasound image shows the thyroid with a benign label.,benign,tissue+condition
train/benign/2_38 - Copy (2).png,Ultrasound of the thyroid with benign appearance.,benign,tissue+condition
train/benign/2_38 - Copy (3).png,"A B-mode ultrasound of the thyroid, labeled benign.",benign,tissue+condition
train/benign/2_38 - Copy (4).png,Echographic appearance of the thyroid with benign features.,benign,tissue+condition
train/benign/2_38 - Copy.png,This sonogram of the thyroid is labeled benign.,benign,tissue+condition
train/benign/2_38.png,"A B-mode ultrasound of the thyroid, labeled benign.",benign,tissue+condition
train/benign/2_39 - Copy (2).png,"A clinical ultrasound scan of the thyroid, categorized as benign.",benign,tissue+condition
train/benign/2_39 - Copy (3).png,A grayscale ultrasound image demonstrating benign changes in the thyroid.,benign,tissue+condition
train/benign/2_39 - Copy (4).png,"A diagnostic ultrasound image of the thyroid, tagged as benign.",benign,tissue+condition
train/benign/2_39 - Copy.png,Ultrasound of the thyroid with benign appearance.,benign,tissue+condition
train/benign/2_39.png,"A clinical ultrasound scan of the thyroid, categorized as benign.",benign,tissue+condition
train/benign/2_4 - Copy (2).png,An ultrasound image of the thyroid with benign findings.,benign,tissue+condition
train/benign/2_4 - Copy (3).png,This ultrasound image shows the thyroid with a benign label.,benign,tissue+condition
train/benign/2_4 - Copy (4).png,This sonogram of the thyroid is labeled benign.,benign,tissue+condition
train/benign/2_4 - Copy.png,A grayscale ultrasound image demonstrating benign changes in the thyroid.,benign,tissue+condition
train/benign/2_4.png,An ultrasound image of the thyroid with benign findings.,benign,tissue+condition
train/benign/2_40 - Copy (2).png,An ultrasound image of the thyroid with benign findings.,benign,tissue+condition
train/benign/2_40 - Copy (3).png,This ultrasound image shows the thyroid with a benign label.,benign,tissue+condition
train/benign/2_40 - Copy (4).png,"A clinical ultrasound scan of the thyroid, categorized as benign.",benign,tissue+condition
train/benign/2_40 - Copy.png,This ultrasound image shows the thyroid with a benign label.,benign,tissue+condition
train/benign/2_40.png,Sonographic appearance of benign thyroid.,benign,tissue+condition
train/benign/2_5 - Copy (2).png,"A clinical ultrasound scan of the thyroid, categorized as benign.",benign,tissue+condition
train/benign/2_5 - Copy (3).png,"A clinical ultrasound scan of the thyroid, categorized as benign.",benign,tissue+condition
train/benign/2_5 - Copy (4).png,Echographic appearance of the thyroid with benign features.,benign,tissue+condition
train/benign/2_5 - Copy.png,"A B-mode ultrasound of the thyroid, labeled benign.",benign,tissue+condition
train/benign/2_5.png,An ultrasound image of the thyroid with benign findings.,benign,tissue+condition
train/benign/2_6 - Copy (2).png,"A diagnostic ultrasound image of the thyroid, tagged as benign.",benign,tissue+condition
train/benign/2_6 - Copy (3).png,This sonogram of the thyroid is labeled benign.,benign,tissue+condition
train/benign/2_6 - Copy (4).png,Sonographic appearance of benign thyroid.,benign,tissue+condition
train/benign/2_6 - Copy.png,Sonographic appearance of benign thyroid.,benign,tissue+condition
train/benign/2_6.png,This sonogram of the thyroid is labeled benign.,benign,tissue+condition
train/benign/2_7 - Copy (2).png,Ultrasound of the thyroid with benign appearance.,benign,tissue+condition
train/benign/2_7 - Copy (3).png,This ultrasound image shows the thyroid with a benign label.,benign,tissue+condition
train/benign/2_7 - Copy (4).png,Ultrasound of the thyroid with benign appearance.,benign,tissue+condition
train/benign/2_7 - Copy.png,Ultrasound of the thyroid with benign appearance.,benign,tissue+condition
train/benign/2_7.png,Echographic appearance of the thyroid with benign features.,benign,tissue+condition
train/benign/2_8 - Copy (2).png,"A B-mode ultrasound of the thyroid, labeled benign.",benign,tissue+condition
train/benign/2_8 - Copy (3).png,This sonogram of the thyroid is labeled benign.,benign,tissue+condition
train/benign/2_8 - Copy (4).png,An ultrasound image of the thyroid with benign findings.,benign,tissue+condition
train/benign/2_8 - Copy.png,This sonogram of the thyroid is labeled benign.,benign,tissue+condition
train/benign/2_8.png,An ultrasound image of the thyroid with benign findings.,benign,tissue+condition
train/benign/2_9 - Copy (2).png,"A diagnostic ultrasound image of the thyroid, tagged as benign.",benign,tissue+condition
train/benign/2_9 - Copy (3).png,"A B-mode ultrasound of the thyroid, labeled benign.",benign,tissue+condition
train/benign/2_9 - Copy (4).png,Echographic appearance of the thyroid with benign features.,benign,tissue+condition
train/benign/2_9 - Copy.png,A grayscale ultrasound image demonstrating benign changes in the thyroid.,benign,tissue+condition
train/benign/2_9.png,This sonogram of the thyroid is labeled benign.,benign,tissue+condition
train/benign/3_0 - Copy (2).png,A grayscale ultrasound image demonstrating benign changes in the thyroid.,benign,tissue+condition
train/benign/3_0 - Copy (3).png,This sonogram of the thyroid is labeled benign.,benign,tissue+condition
train/benign/3_0 - Copy (4).png,This sonogram of the thyroid is labeled benign.,benign,tissue+condition
train/benign/3_0 - Copy.png,"A clinical ultrasound scan of the thyroid, categorized as benign.",benign,tissue+condition
train/benign/3_0.png,"A B-mode ultrasound of the thyroid, labeled benign.",benign,tissue+condition
train/benign/3_1 - Copy (2).png,This sonogram of the thyroid is labeled benign.,benign,tissue+condition
train/benign/3_1 - Copy (3).png,An ultrasound image of the thyroid with benign findings.,benign,tissue+condition
train/benign/3_1 - Copy (4).png,Echographic appearance of the thyroid with benign features.,benign,tissue+condition
train/benign/3_1 - Copy.png,Sonographic appearance of benign thyroid.,benign,tissue+condition
train/benign/3_1.png,A grayscale ultrasound image demonstrating benign changes in the thyroid.,benign,tissue+condition
train/benign/3_10 - Copy (2).png,"A diagnostic ultrasound image of the thyroid, tagged as benign.",benign,tissue+condition
train/benign/3_10 - Copy (3).png,Echographic appearance of the thyroid with benign features.,benign,tissue+condition
train/benign/3_10 - Copy (4).png,"A B-mode ultrasound of the thyroid, labeled benign.",benign,tissue+condition
train/benign/3_10 - Copy.png,This sonogram of the thyroid is labeled benign.,benign,tissue+condition
train/benign/3_10.png,"A B-mode ultrasound of the thyroid, labeled benign.",benign,tissue+condition
train/benign/3_11 - Copy (2).png,This ultrasound image shows the thyroid with a benign label.,benign,tissue+condition
train/benign/3_11 - Copy (3).png,This sonogram of the thyroid is labeled benign.,benign,tissue+condition
train/benign/3_11 - Copy (4).png,A grayscale ultrasound image demonstrating benign changes in the thyroid.,benign,tissue+condition
train/benign/3_11 - Copy.png,This sonogram of the thyroid is labeled benign.,benign,tissue+condition
train/benign/3_11.png,Ultrasound of the thyroid with benign appearance.,benign,tissue+condition
train/benign/3_12 - Copy (2).png,"A B-mode ultrasound of the thyroid, labeled benign.",benign,tissue+condition
train/benign/3_12 - Copy (3).png,This sonogram of the thyroid is labeled benign.,benign,tissue+condition
train/benign/3_12 - Copy (4).png,"A clinical ultrasound scan of the thyroid, categorized as benign.",benign,tissue+condition
train/benign/3_12 - Copy.png,Echographic appearance of the thyroid with benign features.,benign,tissue+condition
train/benign/3_12.png,This ultrasound image shows the thyroid with a benign label.,benign,tissue+condition
train/benign/3_13 - Copy (2).png,Echographic appearance of the thyroid with benign features.,benign,tissue+condition
train/benign/3_13 - Copy (3).png,Sonographic appearance of benign thyroid.,benign,tissue+condition
train/benign/3_13 - Copy (4).png,"A B-mode ultrasound of the thyroid, labeled benign.",benign,tissue+condition
train/benign/3_13 - Copy.png,Ultrasound of the thyroid with benign appearance.,benign,tissue+condition
train/benign/3_13.png,"A B-mode ultrasound of the thyroid, labeled benign.",benign,tissue+condition
train/benign/3_14 - Copy (2).png,Ultrasound of the thyroid with benign appearance.,benign,tissue+condition
train/benign/3_14 - Copy (3).png,Ultrasound of the thyroid with benign appearance.,benign,tissue+condition
train/benign/3_14 - Copy (4).png,This ultrasound image shows the thyroid with a benign label.,benign,tissue+condition
train/benign/3_14 - Copy.png,Echographic appearance of the thyroid with benign features.,benign,tissue+condition
train/benign/3_14.png,Echographic appearance of the thyroid with benign features.,benign,tissue+condition
train/benign/3_15 - Copy (2).png,Sonographic appearance of benign thyroid.,benign,tissue+condition
train/benign/3_15 - Copy (3).png,This ultrasound image shows the thyroid with a benign label.,benign,tissue+condition
train/benign/3_15 - Copy (4).png,"A B-mode ultrasound of the thyroid, labeled benign.",benign,tissue+condition
train/benign/3_15 - Copy.png,Sonographic appearance of benign thyroid.,benign,tissue+condition
train/benign/3_15.png,"A clinical ultrasound scan of the thyroid, categorized as benign.",benign,tissue+condition
train/benign/3_16 - Copy (2).png,This ultrasound image shows the thyroid with a benign label.,benign,tissue+condition
train/benign/3_16 - Copy (3).png,Sonographic appearance of benign thyroid.,benign,tissue+condition
train/benign/3_16 - Copy (4).png,A grayscale ultrasound image demonstrating benign changes in the thyroid.,benign,tissue+condition
train/benign/3_16 - Copy.png,Sonographic appearance of benign thyroid.,benign,tissue+condition
train/benign/3_16.png,"A B-mode ultrasound of the thyroid, labeled benign.",benign,tissue+condition
train/benign/3_17.png,Sonographic appearance of benign thyroid.,benign,tissue+condition
train/benign/3_18.png,"A diagnostic ultrasound image of the thyroid, tagged as benign.",benign,tissue+condition
train/benign/3_2 - Copy (2).png,"A diagnostic ultrasound image of the thyroid, tagged as benign.",benign,tissue+condition
train/benign/3_2 - Copy (3).png,A grayscale ultrasound image demonstrating benign changes in the thyroid.,benign,tissue+condition
train/benign/3_2 - Copy (4).png,A grayscale ultrasound image demonstrating benign changes in the thyroid.,benign,tissue+condition
train/benign/3_2 - Copy.png,"A diagnostic ultrasound image of the thyroid, tagged as benign.",benign,tissue+condition
train/benign/3_2.png,A grayscale ultrasound image demonstrating benign changes in the thyroid.,benign,tissue+condition
train/benign/3_3 - Copy (2).png,A grayscale ultrasound image demonstrating benign changes in the thyroid.,benign,tissue+condition
train/benign/3_3 - Copy (3).png,Echographic appearance of the thyroid with benign features.,benign,tissue+condition
train/benign/3_3 - Copy (4).png,Echographic appearance of the thyroid with benign features.,benign,tissue+condition
train/benign/3_3 - Copy.png,Sonographic appearance of benign thyroid.,benign,tissue+condition
train/benign/3_3.png,"A diagnostic ultrasound image of the thyroid, tagged as benign.",benign,tissue+condition
train/benign/3_4 - Copy (2).png,"A B-mode ultrasound of the thyroid, labeled benign.",benign,tissue+condition
train/benign/3_4 - Copy (3).png,"A diagnostic ultrasound image of the thyroid, tagged as benign.",benign,tissue+condition
train/benign/3_4 - Copy (4).png,"A diagnostic ultrasound image of the thyroid, tagged as benign.",benign,tissue+condition
train/benign/3_4 - Copy.png,"A clinical ultrasound scan of the thyroid, categorized as benign.",benign,tissue+condition
train/benign/3_4.png,"A clinical ultrasound scan of the thyroid, categorized as benign.",benign,tissue+condition
train/benign/3_5 - Copy (2).png,A grayscale ultrasound image demonstrating benign changes in the thyroid.,benign,tissue+condition
train/benign/3_5 - Copy (3).png,An ultrasound image of the thyroid with benign findings.,benign,tissue+condition
train/benign/3_5 - Copy (4).png,Echographic appearance of the thyroid with benign features.,benign,tissue+condition
train/benign/3_5 - Copy.png,Ultrasound of the thyroid with benign appearance.,benign,tissue+condition
train/benign/3_5.png,"A B-mode ultrasound of the thyroid, labeled benign.",benign,tissue+condition
train/benign/3_6 - Copy (2).png,"A clinical ultrasound scan of the thyroid, categorized as benign.",benign,tissue+condition
train/benign/3_6 - Copy (3).png,"A diagnostic ultrasound image of the thyroid, tagged as benign.",benign,tissue+condition
train/benign/3_6 - Copy (4).png,"A diagnostic ultrasound image of the thyroid, tagged as benign.",benign,tissue+condition
train/benign/3_6 - Copy.png,An ultrasound image of the thyroid with benign findings.,benign,tissue+condition
train/benign/3_6.png,An ultrasound image of the thyroid with benign findings.,benign,tissue+condition
train/benign/3_7 - Copy (2).png,Echographic appearance of the thyroid with benign features.,benign,tissue+condition
train/benign/3_7 - Copy (3).png,"A clinical ultrasound scan of the thyroid, categorized as benign.",benign,tissue+condition
train/benign/3_7 - Copy (4).png,"A B-mode ultrasound of the thyroid, labeled benign.",benign,tissue+condition
train/benign/3_7 - Copy.png,"A B-mode ultrasound of the thyroid, labeled benign.",benign,tissue+condition
train/benign/3_7.png,A grayscale ultrasound image demonstrating benign changes in the thyroid.,benign,tissue+condition
train/benign/3_8 - Copy (2).png,A grayscale ultrasound image demonstrating benign changes in the thyroid.,benign,tissue+condition
train/benign/3_8 - Copy (3).png,Ultrasound of the thyroid with benign appearance.,benign,tissue+condition
train/benign/3_8 - Copy (4).png,This sonogram of the thyroid is labeled benign.,benign,tissue+condition
train/benign/3_8 - Copy.png,"A diagnostic ultrasound image of the thyroid, tagged as benign.",benign,tissue+condition
train/benign/3_8.png,A grayscale ultrasound image demonstrating benign changes in the thyroid.,benign,tissue+condition
train/benign/3_9 - Copy (2).png,Ultrasound of the thyroid with benign appearance.,benign,tissue+condition
train/benign/3_9 - Copy (3).png,An ultrasound image of the thyroid with benign findings.,benign,tissue+condition
train/benign/3_9 - Copy (4).png,"A diagnostic ultrasound image of the thyroid, tagged as benign.",benign,tissue+condition
train/benign/3_9 - Copy.png,A grayscale ultrasound image demonstrating benign changes in the thyroid.,benign,tissue+condition
train/benign/3_9.png,This ultrasound image shows the thyroid with a benign label.,benign,tissue+condition
train/benign/Tiroides2/tiroides (15).png,Echographic appearance of the thyroid with benign features.,benign,tissue+condition
train/benign/Tiroides2/tiroides (20).png,A grayscale ultrasound image demonstrating benign changes in the thyroid.,benign,tissue+condition
train/benign/Tiroides2/tiroides (36).png,"A diagnostic ultrasound image of the thyroid, tagged as benign.",benign,tissue+condition
train/benign/Tiroides2/tiroides (60).png,Ultrasound of the thyroid with benign appearance.,benign,tissue+condition
train/benign/Tiroides2/tiroides1.png,Sonographic appearance of benign thyroid.,benign,tissue+condition
train/benign/Tiroides2/tiroides10.png,An ultrasound image of the thyroid with benign findings.,benign,tissue+condition
train/benign/Tiroides2/tiroides100.png,"A diagnostic ultrasound image of the thyroid, tagged as benign.",benign,tissue+condition
train/benign/Tiroides2/tiroides101.png,"A B-mode ultrasound of the thyroid, labeled benign.",benign,tissue+condition
train/benign/Tiroides2/tiroides102.png,Echographic appearance of the thyroid with benign features.,benign,tissue+condition
train/benign/Tiroides2/tiroides103.png,"A B-mode ultrasound of the thyroid, labeled benign.",benign,tissue+condition
train/benign/Tiroides2/tiroides104.png,Ultrasound of the thyroid with benign appearance.,benign,tissue+condition
train/benign/Tiroides2/tiroides105.png,Sonographic appearance of benign thyroid.,benign,tissue+condition
train/benign/Tiroides2/tiroides106.png,An ultrasound image of the thyroid with benign findings.,benign,tissue+condition
train/benign/Tiroides2/tiroides107.png,This ultrasound image shows the thyroid with a benign label.,benign,tissue+condition
train/benign/Tiroides2/tiroides108.png,"A diagnostic ultrasound image of the thyroid, tagged as benign.",benign,tissue+condition
train/benign/Tiroides2/tiroides109.png,"A diagnostic ultrasound image of the thyroid, tagged as benign.",benign,tissue+condition
train/benign/Tiroides2/tiroides11.png,Ultrasound of the thyroid with benign appearance.,benign,tissue+condition
train/benign/Tiroides2/tiroides110.png,Ultrasound of the thyroid with benign appearance.,benign,tissue+condition
train/benign/Tiroides2/tiroides111.png,A grayscale ultrasound image demonstrating benign changes in the thyroid.,benign,tissue+condition
train/benign/Tiroides2/tiroides112.png,Sonographic appearance of benign thyroid.,benign,tissue+condition
train/benign/Tiroides2/tiroides113.png,Echographic appearance of the thyroid with benign features.,benign,tissue+condition
train/benign/Tiroides2/tiroides114.png,Echographic appearance of the thyroid with benign features.,benign,tissue+condition
train/benign/Tiroides2/tiroides115.png,"A clinical ultrasound scan of the thyroid, categorized as benign.",benign,tissue+condition
train/benign/Tiroides2/tiroides116.png,This sonogram of the thyroid is labeled benign.,benign,tissue+condition
train/benign/Tiroides2/tiroides117.png,This sonogram of the thyroid is labeled benign.,benign,tissue+condition
train/benign/Tiroides2/tiroides118.png,Echographic appearance of the thyroid with benign features.,benign,tissue+condition
train/benign/Tiroides2/tiroides119.png,A grayscale ultrasound image demonstrating benign changes in the thyroid.,benign,tissue+condition
train/benign/Tiroides2/tiroides12.png,An ultrasound image of the thyroid with benign findings.,benign,tissue+condition
train/benign/Tiroides2/tiroides120.png,Echographic appearance of the thyroid with benign features.,benign,tissue+condition
train/benign/Tiroides2/tiroides121.png,"A B-mode ultrasound of the thyroid, labeled benign.",benign,tissue+condition
train/benign/Tiroides2/tiroides122.png,Echographic appearance of the thyroid with benign features.,benign,tissue+condition
train/benign/Tiroides2/tiroides123.png,"A B-mode ultrasound of the thyroid, labeled benign.",benign,tissue+condition
train/benign/Tiroides2/tiroides124.png,Ultrasound of the thyroid with benign appearance.,benign,tissue+condition
train/benign/Tiroides2/tiroides125.png,This sonogram of the thyroid is labeled benign.,benign,tissue+condition
train/benign/Tiroides2/tiroides126.png,"A clinical ultrasound scan of the thyroid, categorized as benign.",benign,tissue+condition
train/benign/Tiroides2/tiroides127.png,"A clinical ultrasound scan of the thyroid, categorized as benign.",benign,tissue+condition
train/benign/Tiroides2/tiroides128.png,A grayscale ultrasound image demonstrating benign changes in the thyroid.,benign,tissue+condition
train/benign/Tiroides2/tiroides129.png,Sonographic appearance of benign thyroid.,benign,tissue+condition
train/benign/Tiroides2/tiroides13.png,Echographic appearance of the thyroid with benign features.,benign,tissue+condition
train/benign/Tiroides2/tiroides130.png,"A B-mode ultrasound of the thyroid, labeled benign.",benign,tissue+condition
train/benign/Tiroides2/tiroides131.png,A grayscale ultrasound image demonstrating benign changes in the thyroid.,benign,tissue+condition
train/benign/Tiroides2/tiroides132.png,Sonographic appearance of benign thyroid.,benign,tissue+condition
train/benign/Tiroides2/tiroides133.png,Echographic appearance of the thyroid with benign features.,benign,tissue+condition
train/benign/Tiroides2/tiroides134.png,"A clinical ultrasound scan of the thyroid, categorized as benign.",benign,tissue+condition
train/benign/Tiroides2/tiroides135.png,This sonogram of the thyroid is labeled benign.,benign,tissue+condition
train/benign/Tiroides2/tiroides136.png,Sonographic appearance of benign thyroid.,benign,tissue+condition
train/benign/Tiroides2/tiroides137.png,A grayscale ultrasound image demonstrating benign changes in the thyroid.,benign,tissue+condition
train/benign/Tiroides2/tiroides138.png,"A B-mode ultrasound of the thyroid, labeled benign.",benign,tissue+condition
train/benign/Tiroides2/tiroides139.png,"A clinical ultrasound scan of the thyroid, categorized as benign.",benign,tissue+condition
train/benign/Tiroides2/tiroides14.png,Ultrasound of the thyroid with benign appearance.,benign,tissue+condition
train/benign/Tiroides2/tiroides140.png,This sonogram of the thyroid is labeled benign.,benign,tissue+condition
train/benign/Tiroides2/tiroides141.png,Echographic appearance of the thyroid with benign features.,benign,tissue+condition
train/benign/Tiroides2/tiroides142.png,Sonographic appearance of benign thyroid.,benign,tissue+condition
train/benign/Tiroides2/tiroides143.png,Ultrasound of the thyroid with benign appearance.,benign,tissue+condition
train/benign/Tiroides2/tiroides144.png,"A B-mode ultrasound of the thyroid, labeled benign.",benign,tissue+condition
train/benign/Tiroides2/tiroides145.png,This sonogram of the thyroid is labeled benign.,benign,tissue+condition
train/benign/Tiroides2/tiroides146.png,Ultrasound of the thyroid with benign appearance.,benign,tissue+condition
train/benign/Tiroides2/tiroides147.png,Echographic appearance of the thyroid with benign features.,benign,tissue+condition
train/benign/Tiroides2/tiroides148.png,An ultrasound image of the thyroid with benign findings.,benign,tissue+condition
train/benign/Tiroides2/tiroides149.png,Echographic appearance of the thyroid with benign features.,benign,tissue+condition
train/benign/Tiroides2/tiroides15.png,"A clinical ultrasound scan of the thyroid, categorized as benign.",benign,tissue+condition
train/benign/Tiroides2/tiroides150.png,Sonographic appearance of benign thyroid.,benign,tissue+condition
train/benign/Tiroides2/tiroides151.png,This ultrasound image shows the thyroid with a benign label.,benign,tissue+condition
train/benign/Tiroides2/tiroides152.png,Echographic appearance of the thyroid with benign features.,benign,tissue+condition
train/benign/Tiroides2/tiroides153.png,"A diagnostic ultrasound image of the thyroid, tagged as benign.",benign,tissue+condition
train/benign/Tiroides2/tiroides155.png,This ultrasound image shows the thyroid with a benign label.,benign,tissue+condition
train/benign/Tiroides2/tiroides156.png,This ultrasound image shows the thyroid with a benign label.,benign,tissue+condition
train/benign/Tiroides2/tiroides157.png,Sonographic appearance of benign thyroid.,benign,tissue+condition
train/benign/Tiroides2/tiroides158.png,Sonographic appearance of benign thyroid.,benign,tissue+condition
train/benign/Tiroides2/tiroides159.png,"A B-mode ultrasound of the thyroid, labeled benign.",benign,tissue+condition
train/benign/Tiroides2/tiroides16.png,"A clinical ultrasound scan of the thyroid, categorized as benign.",benign,tissue+condition
train/benign/Tiroides2/tiroides160.png,"A B-mode ultrasound of the thyroid, labeled benign.",benign,tissue+condition
train/benign/Tiroides2/tiroides161.png,Ultrasound of the thyroid with benign appearance.,benign,tissue+condition
train/benign/Tiroides2/tiroides162.png,Ultrasound of the thyroid with benign appearance.,benign,tissue+condition
train/benign/Tiroides2/tiroides163.png,Ultrasound of the thyroid with benign appearance.,benign,tissue+condition
train/benign/Tiroides2/tiroides164.png,An ultrasound image of the thyroid with benign findings.,benign,tissue+condition
train/benign/Tiroides2/tiroides165.png,Echographic appearance of the thyroid with benign features.,benign,tissue+condition
train/benign/Tiroides2/tiroides166.png,A grayscale ultrasound image demonstrating benign changes in the thyroid.,benign,tissue+condition
train/benign/Tiroides2/tiroides167.png,Sonographic appearance of benign thyroid.,benign,tissue+condition
train/benign/Tiroides2/tiroides168.png,A grayscale ultrasound image demonstrating benign changes in the thyroid.,benign,tissue+condition
train/benign/Tiroides2/tiroides169.png,This sonogram of the thyroid is labeled benign.,benign,tissue+condition
train/benign/Tiroides2/tiroides17.png,Sonographic appearance of benign thyroid.,benign,tissue+condition
train/benign/Tiroides2/tiroides170.png,Sonographic appearance of benign thyroid.,benign,tissue+condition
train/benign/Tiroides2/tiroides171.png,Sonographic appearance of benign thyroid.,benign,tissue+condition
train/benign/Tiroides2/tiroides172.png,A grayscale ultrasound image demonstrating benign changes in the thyroid.,benign,tissue+condition
train/benign/Tiroides2/tiroides18.png,Sonographic appearance of benign thyroid.,benign,tissue+condition
train/benign/Tiroides2/tiroides19.png,"A diagnostic ultrasound image of the thyroid, tagged as benign.",benign,tissue+condition
train/benign/Tiroides2/tiroides2.png,An ultrasound image of the thyroid with benign findings.,benign,tissue+condition
train/benign/Tiroides2/tiroides20.png,This sonogram of the thyroid is labeled benign.,benign,tissue+condition
train/benign/Tiroides2/tiroides207.png,Echographic appearance of the thyroid with benign features.,benign,tissue+condition
train/benign/Tiroides2/tiroides21.png,This ultrasound image shows the thyroid with a benign label.,benign,tissue+condition
train/benign/Tiroides2/tiroides22.png,"A diagnostic ultrasound image of the thyroid, tagged as benign.",benign,tissue+condition
train/benign/Tiroides2/tiroides23.png,A grayscale ultrasound image demonstrating benign changes in the thyroid.,benign,tissue+condition
train/benign/Tiroides2/tiroides24.png,"A clinical ultrasound scan of the thyroid, categorized as benign.",benign,tissue+condition
train/benign/Tiroides2/tiroides25.png,"A diagnostic ultrasound image of the thyroid, tagged as benign.",benign,tissue+condition
train/benign/Tiroides2/tiroides26.png,This ultrasound image shows the thyroid with a benign label.,benign,tissue+condition
train/benign/Tiroides2/tiroides27.png,Ultrasound of the thyroid with benign appearance.,benign,tissue+condition
train/benign/Tiroides2/tiroides276.png,This ultrasound image shows the thyroid with a benign label.,benign,tissue+condition
train/benign/Tiroides2/tiroides277.png,"A clinical ultrasound scan of the thyroid, categorized as benign.",benign,tissue+condition
train/benign/Tiroides2/tiroides278.png,"A diagnostic ultrasound image of the thyroid, tagged as benign.",benign,tissue+condition
train/benign/Tiroides2/tiroides279.png,This ultrasound image shows the thyroid with a benign label.,benign,tissue+condition
train/benign/Tiroides2/tiroides28.png,Echographic appearance of the thyroid with benign features.,benign,tissue+condition
train/benign/Tiroides2/tiroides280.png,A grayscale ultrasound image demonstrating benign changes in the thyroid.,benign,tissue+condition
train/benign/Tiroides2/tiroides281.png,"A diagnostic ultrasound image of the thyroid, tagged as benign.",benign,tissue+condition
train/benign/Tiroides2/tiroides288.png,"A diagnostic ultrasound image of the thyroid, tagged as benign.",benign,tissue+condition
train/benign/Tiroides2/tiroides289.png,"A clinical ultrasound scan of the thyroid, categorized as benign.",benign,tissue+condition
train/benign/Tiroides2/tiroides29.png,This sonogram of the thyroid is labeled benign.,benign,tissue+condition
train/benign/Tiroides2/tiroides3.png,Ultrasound of the thyroid with benign appearance.,benign,tissue+condition
train/benign/Tiroides2/tiroides30.png,Ultrasound of the thyroid with benign appearance.,benign,tissue+condition
train/benign/Tiroides2/tiroides300.png,This sonogram of the thyroid is labeled benign.,benign,tissue+condition
train/benign/Tiroides2/tiroides301.png,Sonographic appearance of benign thyroid.,benign,tissue+condition
train/benign/Tiroides2/tiroides31 (1).png,This ultrasound image shows the thyroid with a benign label.,benign,tissue+condition
train/benign/Tiroides2/tiroides31 (10).png,A grayscale ultrasound image demonstrating benign changes in the thyroid.,benign,tissue+condition
train/benign/Tiroides2/tiroides31 (100).png,Sonographic appearance of benign thyroid.,benign,tissue+condition
train/benign/Tiroides2/tiroides31 (101).png,"A clinical ultrasound scan of the thyroid, categorized as benign.",benign,tissue+condition
train/benign/Tiroides2/tiroides31 (102).png,An ultrasound image of the thyroid with benign findings.,benign,tissue+condition
train/benign/Tiroides2/tiroides31 (103).png,"A diagnostic ultrasound image of the thyroid, tagged as benign.",benign,tissue+condition
train/benign/Tiroides2/tiroides31 (104).png,Echographic appearance of the thyroid with benign features.,benign,tissue+condition
train/benign/Tiroides2/tiroides31 (105).png,Ultrasound of the thyroid with benign appearance.,benign,tissue+condition
train/benign/Tiroides2/tiroides31 (106).png,"A B-mode ultrasound of the thyroid, labeled benign.",benign,tissue+condition
train/benign/Tiroides2/tiroides31 (107).png,Ultrasound of the thyroid with benign appearance.,benign,tissue+condition
train/benign/Tiroides2/tiroides31 (108).png,"A B-mode ultrasound of the thyroid, labeled benign.",benign,tissue+condition
train/benign/Tiroides2/tiroides31 (109).png,"A clinical ultrasound scan of the thyroid, categorized as benign.",benign,tissue+condition
train/benign/Tiroides2/tiroides31 (11).png,"A B-mode ultrasound of the thyroid, labeled benign.",benign,tissue+condition
train/benign/Tiroides2/tiroides31 (110).png,Sonographic appearance of benign thyroid.,benign,tissue+condition
train/benign/Tiroides2/tiroides31 (111).png,"A clinical ultrasound scan of the thyroid, categorized as benign.",benign,tissue+condition
train/benign/Tiroides2/tiroides31 (112).png,"A diagnostic ultrasound image of the thyroid, tagged as benign.",benign,tissue+condition
train/benign/Tiroides2/tiroides31 (113).png,Ultrasound of the thyroid with benign appearance.,benign,tissue+condition
train/benign/Tiroides2/tiroides31 (114).png,Sonographic appearance of benign thyroid.,benign,tissue+condition
train/benign/Tiroides2/tiroides31 (115).png,This sonogram of the thyroid is labeled benign.,benign,tissue+condition
train/benign/Tiroides2/tiroides31 (116).png,"A B-mode ultrasound of the thyroid, labeled benign.",benign,tissue+condition
train/benign/Tiroides2/tiroides31 (117).png,This ultrasound image shows the thyroid with a benign label.,benign,tissue+condition
train/benign/Tiroides2/tiroides31 (118).png,"A diagnostic ultrasound image of the thyroid, tagged as benign.",benign,tissue+condition
train/benign/Tiroides2/tiroides31 (119).png,Echographic appearance of the thyroid with benign features.,benign,tissue+condition
train/benign/Tiroides2/tiroides31 (12).png,An ultrasound image of the thyroid with benign findings.,benign,tissue+condition
train/benign/Tiroides2/tiroides31 (120).png,This sonogram of the thyroid is labeled benign.,benign,tissue+condition
train/benign/Tiroides2/tiroides31 (121).png,An ultrasound image of the thyroid with benign findings.,benign,tissue+condition
train/benign/Tiroides2/tiroides31 (122).png,This sonogram of the thyroid is labeled benign.,benign,tissue+condition
train/benign/Tiroides2/tiroides31 (123).png,Ultrasound of the thyroid with benign appearance.,benign,tissue+condition
train/benign/Tiroides2/tiroides31 (124).png,Echographic appearance of the thyroid with benign features.,benign,tissue+condition
train/benign/Tiroides2/tiroides31 (125).png,This ultrasound image shows the thyroid with a benign label.,benign,tissue+condition
train/benign/Tiroides2/tiroides31 (126).png,This sonogram of the thyroid is labeled benign.,benign,tissue+condition
train/benign/Tiroides2/tiroides31 (127).png,"A B-mode ultrasound of the thyroid, labeled benign.",benign,tissue+condition
train/benign/Tiroides2/tiroides31 (128).png,Echographic appearance of the thyroid with benign features.,benign,tissue+condition
train/benign/Tiroides2/tiroides31 (129).png,This ultrasound image shows the thyroid with a benign label.,benign,tissue+condition
train/benign/Tiroides2/tiroides31 (13).png,An ultrasound image of the thyroid with benign findings.,benign,tissue+condition
train/benign/Tiroides2/tiroides31 (130).png,Echographic appearance of the thyroid with benign features.,benign,tissue+condition
train/benign/Tiroides2/tiroides31 (131).png,"A B-mode ultrasound of the thyroid, labeled benign.",benign,tissue+condition
train/benign/Tiroides2/tiroides31 (132).png,Echographic appearance of the thyroid with benign features.,benign,tissue+condition
train/benign/Tiroides2/tiroides31 (133).png,Sonographic appearance of benign thyroid.,benign,tissue+condition
train/benign/Tiroides2/tiroides31 (134).png,Sonographic appearance of benign thyroid.,benign,tissue+condition
train/benign/Tiroides2/tiroides31 (135).png,An ultrasound image of the thyroid with benign findings.,benign,tissue+condition
train/benign/Tiroides2/tiroides31 (136).png,"A clinical ultrasound scan of the thyroid, categorized as benign.",benign,tissue+condition
train/benign/Tiroides2/tiroides31 (137).png,"A diagnostic ultrasound image of the thyroid, tagged as benign.",benign,tissue+condition
train/benign/Tiroides2/tiroides31 (138).png,Sonographic appearance of benign thyroid.,benign,tissue+condition
train/benign/Tiroides2/tiroides31 (139).png,"A diagnostic ultrasound image of the thyroid, tagged as benign.",benign,tissue+condition
train/benign/Tiroides2/tiroides31 (14).png,"A diagnostic ultrasound image of the thyroid, tagged as benign.",benign,tissue+condition
train/benign/Tiroides2/tiroides31 (140).png,A grayscale ultrasound image demonstrating benign changes in the thyroid.,benign,tissue+condition
train/benign/Tiroides2/tiroides31 (141).png,An ultrasound image of the thyroid with benign findings.,benign,tissue+condition
train/benign/Tiroides2/tiroides31 (142).png,"A B-mode ultrasound of the thyroid, labeled benign.",benign,tissue+condition
train/benign/Tiroides2/tiroides31 (143).png,An ultrasound image of the thyroid with benign findings.,benign,tissue+condition
train/benign/Tiroides2/tiroides31 (144).png,"A clinical ultrasound scan of the thyroid, categorized as benign.",benign,tissue+condition
train/benign/Tiroides2/tiroides31 (145).png,This ultrasound image shows the thyroid with a benign label.,benign,tissue+condition
train/benign/Tiroides2/tiroides31 (15).png,Sonographic appearance of benign thyroid.,benign,tissue+condition
train/benign/Tiroides2/tiroides31 (16).png,Ultrasound of the thyroid with benign appearance.,benign,tissue+condition
train/benign/Tiroides2/tiroides31 (17).png,A grayscale ultrasound image demonstrating benign changes in the thyroid.,benign,tissue+condition
train/benign/Tiroides2/tiroides31 (18).png,Ultrasound of the thyroid with benign appearance.,benign,tissue+condition
train/benign/Tiroides2/tiroides31 (19).png,This sonogram of the thyroid is labeled benign.,benign,tissue+condition
train/benign/Tiroides2/tiroides31 (2).png,"A B-mode ultrasound of the thyroid, labeled benign.",benign,tissue+condition
train/benign/Tiroides2/tiroides31 (20).png,"A clinical ultrasound scan of the thyroid, categorized as benign.",benign,tissue+condition
train/benign/Tiroides2/tiroides31 (21).png,This ultrasound image shows the thyroid with a benign label.,benign,tissue+condition
train/benign/Tiroides2/tiroides31 (22).png,"A clinical ultrasound scan of the thyroid, categorized as benign.",benign,tissue+condition
train/benign/Tiroides2/tiroides31 (23).png,"A B-mode ultrasound of the thyroid, labeled benign.",benign,tissue+condition
train/benign/Tiroides2/tiroides31 (24).png,An ultrasound image of the thyroid with benign findings.,benign,tissue+condition
train/benign/Tiroides2/tiroides31 (25).png,This ultrasound image shows the thyroid with a benign label.,benign,tissue+condition
train/benign/Tiroides2/tiroides31 (26).png,This sonogram of the thyroid is labeled benign.,benign,tissue+condition
train/benign/Tiroides2/tiroides31 (27).png,A grayscale ultrasound image demonstrating benign changes in the thyroid.,benign,tissue+condition
train/benign/Tiroides2/tiroides31 (28).png,"A diagnostic ultrasound image of the thyroid, tagged as benign.",benign,tissue+condition
train/benign/Tiroides2/tiroides31 (29).png,"A B-mode ultrasound of the thyroid, labeled benign.",benign,tissue+condition
train/benign/Tiroides2/tiroides31 (3).png,"A B-mode ultrasound of the thyroid, labeled benign.",benign,tissue+condition
train/benign/Tiroides2/tiroides31 (30).png,"A diagnostic ultrasound image of the thyroid, tagged as benign.",benign,tissue+condition
train/benign/Tiroides2/tiroides31 (31).png,A grayscale ultrasound image demonstrating benign changes in the thyroid.,benign,tissue+condition
train/benign/Tiroides2/tiroides31 (32).png,Ultrasound of the thyroid with benign appearance.,benign,tissue+condition
train/benign/Tiroides2/tiroides31 (33).png,An ultrasound image of the thyroid with benign findings.,benign,tissue+condition
train/benign/Tiroides2/tiroides31 (34).png,Ultrasound of the thyroid with benign appearance.,benign,tissue+condition
train/benign/Tiroides2/tiroides31 (35).png,A grayscale ultrasound image demonstrating benign changes in the thyroid.,benign,tissue+condition
train/benign/Tiroides2/tiroides31 (36).png,This ultrasound image shows the thyroid with a benign label.,benign,tissue+condition
train/benign/Tiroides2/tiroides31 (37).png,Sonographic appearance of benign thyroid.,benign,tissue+condition
train/benign/Tiroides2/tiroides31 (38).png,"A clinical ultrasound scan of the thyroid, categorized as benign.",benign,tissue+condition
train/benign/Tiroides2/tiroides31 (39).png,This sonogram of the thyroid is labeled benign.,benign,tissue+condition
train/benign/Tiroides2/tiroides31 (4).png,An ultrasound image of the thyroid with benign findings.,benign,tissue+condition
train/benign/Tiroides2/tiroides31 (40).png,A grayscale ultrasound image demonstrating benign changes in the thyroid.,benign,tissue+condition
train/benign/Tiroides2/tiroides31 (41).png,Echographic appearance of the thyroid with benign features.,benign,tissue+condition
train/benign/Tiroides2/tiroides31 (42).png,This ultrasound image shows the thyroid with a benign label.,benign,tissue+condition
train/benign/Tiroides2/tiroides31 (43).png,A grayscale ultrasound image demonstrating benign changes in the thyroid.,benign,tissue+condition
train/benign/Tiroides2/tiroides31 (44).png,This sonogram of the thyroid is labeled benign.,benign,tissue+condition
train/benign/Tiroides2/tiroides31 (45).png,Sonographic appearance of benign thyroid.,benign,tissue+condition
train/benign/Tiroides2/tiroides31 (46).png,"A B-mode ultrasound of the thyroid, labeled benign.",benign,tissue+condition
train/benign/Tiroides2/tiroides31 (47).png,Ultrasound of the thyroid with benign appearance.,benign,tissue+condition
train/benign/Tiroides2/tiroides31 (48).png,Echographic appearance of the thyroid with benign features.,benign,tissue+condition
train/benign/Tiroides2/tiroides31 (49).png,"A B-mode ultrasound of the thyroid, labeled benign.",benign,tissue+condition
train/benign/Tiroides2/tiroides31 (5).png,Ultrasound of the thyroid with benign appearance.,benign,tissue+condition
train/benign/Tiroides2/tiroides31 (50).png,Ultrasound of the thyroid with benign appearance.,benign,tissue+condition
train/benign/Tiroides2/tiroides31 (51).png,Ultrasound of the thyroid with benign appearance.,benign,tissue+condition
train/benign/Tiroides2/tiroides31 (52).png,Ultrasound of the thyroid with benign appearance.,benign,tissue+condition
train/benign/Tiroides2/tiroides31 (53).png,Ultrasound of the thyroid with benign appearance.,benign,tissue+condition
train/benign/Tiroides2/tiroides31 (54).png,An ultrasound image of the thyroid with benign findings.,benign,tissue+condition
train/benign/Tiroides2/tiroides31 (55).png,This sonogram of the thyroid is labeled benign.,benign,tissue+condition
train/benign/Tiroides2/tiroides31 (56).png,"A diagnostic ultrasound image of the thyroid, tagged as benign.",benign,tissue+condition
train/benign/Tiroides2/tiroides31 (57).png,An ultrasound image of the thyroid with benign findings.,benign,tissue+condition
train/benign/Tiroides2/tiroides31 (58).png,This sonogram of the thyroid is labeled benign.,benign,tissue+condition
train/benign/Tiroides2/tiroides31 (59).png,Echographic appearance of the thyroid with benign features.,benign,tissue+condition
train/benign/Tiroides2/tiroides31 (6).png,"A clinical ultrasound scan of the thyroid, categorized as benign.",benign,tissue+condition
train/benign/Tiroides2/tiroides31 (60).png,An ultrasound image of the thyroid with benign findings.,benign,tissue+condition
train/benign/Tiroides2/tiroides31 (61).png,Echographic appearance of the thyroid with benign features.,benign,tissue+condition
train/benign/Tiroides2/tiroides31 (62).png,"A B-mode ultrasound of the thyroid, labeled benign.",benign,tissue+condition
train/benign/Tiroides2/tiroides31 (63).png,Echographic appearance of the thyroid with benign features.,benign,tissue+condition
train/benign/Tiroides2/tiroides31 (64).png,This ultrasound image shows the thyroid with a benign label.,benign,tissue+condition
train/benign/Tiroides2/tiroides31 (65).png,"A B-mode ultrasound of the thyroid, labeled benign.",benign,tissue+condition
train/benign/Tiroides2/tiroides31 (66).png,A grayscale ultrasound image demonstrating benign changes in the thyroid.,benign,tissue+condition
train/benign/Tiroides2/tiroides31 (67).png,Echographic appearance of the thyroid with benign features.,benign,tissue+condition
train/benign/Tiroides2/tiroides31 (68).png,Sonographic appearance of benign thyroid.,benign,tissue+condition
train/benign/Tiroides2/tiroides31 (69).png,An ultrasound image of the thyroid with benign findings.,benign,tissue+condition
train/benign/Tiroides2/tiroides31 (7).png,Echographic appearance of the thyroid with benign features.,benign,tissue+condition
train/benign/Tiroides2/tiroides31 (70).png,Ultrasound of the thyroid with benign appearance.,benign,tissue+condition
train/benign/Tiroides2/tiroides31 (71).png,Echographic appearance of the thyroid with benign features.,benign,tissue+condition
train/benign/Tiroides2/tiroides31 (72).png,Sonographic appearance of benign thyroid.,benign,tissue+condition
train/benign/Tiroides2/tiroides31 (73).png,"A diagnostic ultrasound image of the thyroid, tagged as benign.",benign,tissue+condition
train/benign/Tiroides2/tiroides31 (74).png,"A diagnostic ultrasound image of the thyroid, tagged as benign.",benign,tissue+condition
train/benign/Tiroides2/tiroides31 (75).png,Sonographic appearance of benign thyroid.,benign,tissue+condition
train/benign/Tiroides2/tiroides31 (76).png,Sonographic appearance of benign thyroid.,benign,tissue+condition
train/benign/Tiroides2/tiroides31 (77).png,"A B-mode ultrasound of the thyroid, labeled benign.",benign,tissue+condition
train/benign/Tiroides2/tiroides31 (78).png,"A diagnostic ultrasound image of the thyroid, tagged as benign.",benign,tissue+condition
train/benign/Tiroides2/tiroides31 (79).png,An ultrasound image of the thyroid with benign findings.,benign,tissue+condition
train/benign/Tiroides2/tiroides31 (8).png,"A clinical ultrasound scan of the thyroid, categorized as benign.",benign,tissue+condition
train/benign/Tiroides2/tiroides31 (80).png,This ultrasound image shows the thyroid with a benign label.,benign,tissue+condition
train/benign/Tiroides2/tiroides31 (81).png,An ultrasound image of the thyroid with benign findings.,benign,tissue+condition
train/benign/Tiroides2/tiroides31 (82).png,This ultrasound image shows the thyroid with a benign label.,benign,tissue+condition
train/benign/Tiroides2/tiroides31 (83).png,An ultrasound image of the thyroid with benign findings.,benign,tissue+condition
train/benign/Tiroides2/tiroides31 (84).png,Echographic appearance of the thyroid with benign features.,benign,tissue+condition
train/benign/Tiroides2/tiroides31 (85).png,"A clinical ultrasound scan of the thyroid, categorized as benign.",benign,tissue+condition
train/benign/Tiroides2/tiroides31 (86).png,Ultrasound of the thyroid with benign appearance.,benign,tissue+condition
train/benign/Tiroides2/tiroides31 (87).png,This sonogram of the thyroid is labeled benign.,benign,tissue+condition
train/benign/Tiroides2/tiroides31 (88).png,Ultrasound of the thyroid with benign appearance.,benign,tissue+condition
train/benign/Tiroides2/tiroides31 (89).png,"A diagnostic ultrasound image of the thyroid, tagged as benign.",benign,tissue+condition
train/benign/Tiroides2/tiroides31 (9).png,"A clinical ultrasound scan of the thyroid, categorized as benign.",benign,tissue+condition
train/benign/Tiroides2/tiroides31 (90).png,An ultrasound image of the thyroid with benign findings.,benign,tissue+condition
train/benign/Tiroides2/tiroides31 (91).png,This ultrasound image shows the thyroid with a benign label.,benign,tissue+condition
train/benign/Tiroides2/tiroides31 (92).png,"A clinical ultrasound scan of the thyroid, categorized as benign.",benign,tissue+condition
train/benign/Tiroides2/tiroides31 (93).png,Echographic appearance of the thyroid with benign features.,benign,tissue+condition
train/benign/Tiroides2/tiroides31 (94).png,An ultrasound image of the thyroid with benign findings.,benign,tissue+condition
train/benign/Tiroides2/tiroides31 (95).png,Echographic appearance of the thyroid with benign features.,benign,tissue+condition
train/benign/Tiroides2/tiroides31 (96).png,"A clinical ultrasound scan of the thyroid, categorized as benign.",benign,tissue+condition
train/benign/Tiroides2/tiroides31 (97).png,"A B-mode ultrasound of the thyroid, labeled benign.",benign,tissue+condition
train/benign/Tiroides2/tiroides31 (98).png,Echographic appearance of the thyroid with benign features.,benign,tissue+condition
train/benign/Tiroides2/tiroides31 (99).png,This sonogram of the thyroid is labeled benign.,benign,tissue+condition
train/benign/Tiroides2/tiroides31.png,This sonogram of the thyroid is labeled benign.,benign,tissue+condition
train/benign/Tiroides2/tiroides32.png,"A diagnostic ultrasound image of the thyroid, tagged as benign.",benign,tissue+condition
train/benign/Tiroides2/tiroides325.png,This sonogram of the thyroid is labeled benign.,benign,tissue+condition
train/benign/Tiroides2/tiroides329.png,Echographic appearance of the thyroid with benign features.,benign,tissue+condition
train/benign/Tiroides2/tiroides33.png,Sonographic appearance of benign thyroid.,benign,tissue+condition
train/benign/Tiroides2/tiroides34.png,"A diagnostic ultrasound image of the thyroid, tagged as benign.",benign,tissue+condition
train/benign/Tiroides2/tiroides35.png,"A diagnostic ultrasound image of the thyroid, tagged as benign.",benign,tissue+condition
train/benign/Tiroides2/tiroides36.png,Echographic appearance of the thyroid with benign features.,benign,tissue+condition
train/benign/Tiroides2/tiroides37.png,Ultrasound of the thyroid with benign appearance.,benign,tissue+condition
train/benign/Tiroides2/tiroides38.png,"A clinical ultrasound scan of the thyroid, categorized as benign.",benign,tissue+condition
train/benign/Tiroides2/tiroides39.png,"A B-mode ultrasound of the thyroid, labeled benign.",benign,tissue+condition
train/benign/Tiroides2/tiroides390.png,This sonogram of the thyroid is labeled benign.,benign,tissue+condition
train/benign/Tiroides2/tiroides4.png,"A B-mode ultrasound of the thyroid, labeled benign.",benign,tissue+condition
train/benign/Tiroides2/tiroides40.png,This sonogram of the thyroid is labeled benign.,benign,tissue+condition
train/benign/Tiroides2/tiroides405.png,A grayscale ultrasound image demonstrating benign changes in the thyroid.,benign,tissue+condition
train/benign/Tiroides2/tiroides406.png,Sonographic appearance of benign thyroid.,benign,tissue+condition
train/benign/Tiroides2/tiroides409.png,Ultrasound of the thyroid with benign appearance.,benign,tissue+condition
train/benign/Tiroides2/tiroides41.png,"A clinical ultrasound scan of the thyroid, categorized as benign.",benign,tissue+condition
train/benign/Tiroides2/tiroides42.png,Echographic appearance of the thyroid with benign features.,benign,tissue+condition
train/benign/Tiroides2/tiroides43.png,"A B-mode ultrasound of the thyroid, labeled benign.",benign,tissue+condition
train/benign/Tiroides2/tiroides44.png,"A B-mode ultrasound of the thyroid, labeled benign.",benign,tissue+condition
train/benign/Tiroides2/tiroides45.png,Echographic appearance of the thyroid with benign features.,benign,tissue+condition
train/benign/Tiroides2/tiroides46.png,"A clinical ultrasound scan of the thyroid, categorized as benign.",benign,tissue+condition
train/benign/Tiroides2/tiroides47.png,"A clinical ultrasound scan of the thyroid, categorized as benign.",benign,tissue+condition
train/benign/Tiroides2/tiroides48.png,"A diagnostic ultrasound image of the thyroid, tagged as benign.",benign,tissue+condition
train/benign/Tiroides2/tiroides49.png,A grayscale ultrasound image demonstrating benign changes in the thyroid.,benign,tissue+condition
train/benign/Tiroides2/tiroides5.png,This sonogram of the thyroid is labeled benign.,benign,tissue+condition
train/benign/Tiroides2/tiroides50.png,Sonographic appearance of benign thyroid.,benign,tissue+condition
train/benign/Tiroides2/tiroides51.png,"A diagnostic ultrasound image of the thyroid, tagged as benign.",benign,tissue+condition
train/benign/Tiroides2/tiroides52.png,Echographic appearance of the thyroid with benign features.,benign,tissue+condition
train/benign/Tiroides2/tiroides53.png,"A diagnostic ultrasound image of the thyroid, tagged as benign.",benign,tissue+condition
train/benign/Tiroides2/tiroides54.png,An ultrasound image of the thyroid with benign findings.,benign,tissue+condition
train/benign/Tiroides2/tiroides55.png,Echographic appearance of the thyroid with benign features.,benign,tissue+condition
train/benign/Tiroides2/tiroides56.png,A grayscale ultrasound image demonstrating benign changes in the thyroid.,benign,tissue+condition
train/benign/Tiroides2/tiroides57.png,This sonogram of the thyroid is labeled benign.,benign,tissue+condition
train/benign/Tiroides2/tiroides58.png,"A clinical ultrasound scan of the thyroid, categorized as benign.",benign,tissue+condition
train/benign/Tiroides2/tiroides59.png,An ultrasound image of the thyroid with benign findings.,benign,tissue+condition
train/benign/Tiroides2/tiroides6.png,"A B-mode ultrasound of the thyroid, labeled benign.",benign,tissue+condition
train/benign/Tiroides2/tiroides60.png,This sonogram of the thyroid is labeled benign.,benign,tissue+condition
train/benign/Tiroides2/tiroides61.png,Echographic appearance of the thyroid with benign features.,benign,tissue+condition
train/benign/Tiroides2/tiroides62.png,Ultrasound of the thyroid with benign appearance.,benign,tissue+condition
train/benign/Tiroides2/tiroides63.png,Sonographic appearance of benign thyroid.,benign,tissue+condition
train/benign/Tiroides2/tiroides64.png,An ultrasound image of the thyroid with benign findings.,benign,tissue+condition
train/benign/Tiroides2/tiroides65.png,Sonographic appearance of benign thyroid.,benign,tissue+condition
train/benign/Tiroides2/tiroides66.png,A grayscale ultrasound image demonstrating benign changes in the thyroid.,benign,tissue+condition
train/benign/Tiroides2/tiroides67.png,"A diagnostic ultrasound image of the thyroid, tagged as benign.",benign,tissue+condition
train/benign/Tiroides2/tiroides68.png,An ultrasound image of the thyroid with benign findings.,benign,tissue+condition
train/benign/Tiroides2/tiroides69.png,Sonographic appearance of benign thyroid.,benign,tissue+condition
train/benign/Tiroides2/tiroides7.png,"A B-mode ultrasound of the thyroid, labeled benign.",benign,tissue+condition
train/benign/Tiroides2/tiroides70.png,This ultrasound image shows the thyroid with a benign label.,benign,tissue+condition
train/benign/Tiroides2/tiroides71.png,Echographic appearance of the thyroid with benign features.,benign,tissue+condition
train/benign/Tiroides2/tiroides72.png,Echographic appearance of the thyroid with benign features.,benign,tissue+condition
train/benign/Tiroides2/tiroides73.png,This sonogram of the thyroid is labeled benign.,benign,tissue+condition
train/benign/Tiroides2/tiroides74.png,A grayscale ultrasound image demonstrating benign changes in the thyroid.,benign,tissue+condition
train/benign/Tiroides2/tiroides75.png,An ultrasound image of the thyroid with benign findings.,benign,tissue+condition
train/benign/Tiroides2/tiroides76.png,A grayscale ultrasound image demonstrating benign changes in the thyroid.,benign,tissue+condition
train/benign/Tiroides2/tiroides77.png,Sonographic appearance of benign thyroid.,benign,tissue+condition
train/benign/Tiroides2/tiroides78.png,"A diagnostic ultrasound image of the thyroid, tagged as benign.",benign,tissue+condition
train/benign/Tiroides2/tiroides79.png,Echographic appearance of the thyroid with benign features.,benign,tissue+condition
train/benign/Tiroides2/tiroides8.png,Echographic appearance of the thyroid with benign features.,benign,tissue+condition
train/benign/Tiroides2/tiroides80.png,"A diagnostic ultrasound image of the thyroid, tagged as benign.",benign,tissue+condition
train/benign/Tiroides2/tiroides81.png,"A B-mode ultrasound of the thyroid, labeled benign.",benign,tissue+condition
train/benign/Tiroides2/tiroides82.png,A grayscale ultrasound image demonstrating benign changes in the thyroid.,benign,tissue+condition
train/benign/Tiroides2/tiroides83.png,Sonographic appearance of benign thyroid.,benign,tissue+condition
train/benign/Tiroides2/tiroides84.png,Ultrasound of the thyroid with benign appearance.,benign,tissue+condition
train/benign/Tiroides2/tiroides85.png,Echographic appearance of the thyroid with benign features.,benign,tissue+condition
train/benign/Tiroides2/tiroides86.png,This sonogram of the thyroid is labeled benign.,benign,tissue+condition
train/benign/Tiroides2/tiroides87.png,Echographic appearance of the thyroid with benign features.,benign,tissue+condition
train/benign/Tiroides2/tiroides88.png,"A clinical ultrasound scan of the thyroid, categorized as benign.",benign,tissue+condition
train/benign/Tiroides2/tiroides89.png,This ultrasound image shows the thyroid with a benign label.,benign,tissue+condition
train/benign/Tiroides2/tiroides9.png,"A B-mode ultrasound of the thyroid, labeled benign.",benign,tissue+condition
train/benign/Tiroides2/tiroides90.png,An ultrasound image of the thyroid with benign findings.,benign,tissue+condition
train/benign/Tiroides2/tiroides91.png,Sonographic appearance of benign thyroid.,benign,tissue+condition
train/benign/Tiroides2/tiroides92.png,"A diagnostic ultrasound image of the thyroid, tagged as benign.",benign,tissue+condition
train/benign/Tiroides2/tiroides93.png,Ultrasound of the thyroid with benign appearance.,benign,tissue+condition
train/benign/Tiroides2/tiroides94.png,This sonogram of the thyroid is labeled benign.,benign,tissue+condition
train/benign/Tiroides2/tiroides95.png,Ultrasound of the thyroid with benign appearance.,benign,tissue+condition
train/benign/Tiroides2/tiroides96.png,"A B-mode ultrasound of the thyroid, labeled benign.",benign,tissue+condition
train/benign/Tiroides2/tiroides97.png,"A clinical ultrasound scan of the thyroid, categorized as benign.",benign,tissue+condition
train/benign/Tiroides2/tiroides98.png,"A clinical ultrasound scan of the thyroid, categorized as benign.",benign,tissue+condition
train/benign/Tiroides2/tiroides99.png,"A diagnostic ultrasound image of the thyroid, tagged as benign.",benign,tissue+condition
train/benign/Tiroides3/tiroides (6).png,This ultrasound image shows the thyroid with a benign label.,benign,tissue+condition
train/benign/Tiroides3/tiroides.png,A grayscale ultrasound image demonstrating benign changes in the thyroid.,benign,tissue+condition
train/benign/Tiroides3/tiroides1.png,"A clinical ultrasound scan of the thyroid, categorized as benign.",benign,tissue+condition
train/benign/Tiroides3/tiroides10.png,"A diagnostic ultrasound image of the thyroid, tagged as benign.",benign,tissue+condition
train/benign/Tiroides3/tiroides100.png,This ultrasound image shows the thyroid with a benign label.,benign,tissue+condition
train/benign/Tiroides3/tiroides101.png,"A B-mode ultrasound of the thyroid, labeled benign.",benign,tissue+condition
train/benign/Tiroides3/tiroides102.png,Sonographic appearance of benign thyroid.,benign,tissue+condition
train/benign/Tiroides3/tiroides103.png,"A B-mode ultrasound of the thyroid, labeled benign.",benign,tissue+condition
train/benign/Tiroides3/tiroides104.png,"A diagnostic ultrasound image of the thyroid, tagged as benign.",benign,tissue+condition
train/benign/Tiroides3/tiroides105.png,Sonographic appearance of benign thyroid.,benign,tissue+condition
train/benign/Tiroides3/tiroides106.png,"A diagnostic ultrasound image of the thyroid, tagged as benign.",benign,tissue+condition
train/benign/Tiroides3/tiroides107.png,"A B-mode ultrasound of the thyroid, labeled benign.",benign,tissue+condition
train/benign/Tiroides3/tiroides108.png,Echographic appearance of the thyroid with benign features.,benign,tissue+condition
train/benign/Tiroides3/tiroides109.png,Echographic appearance of the thyroid with benign features.,benign,tissue+condition
train/benign/Tiroides3/tiroides11.png,"A B-mode ultrasound of the thyroid, labeled benign.",benign,tissue+condition
train/benign/Tiroides3/tiroides110.png,Ultrasound of the thyroid with benign appearance.,benign,tissue+condition
train/benign/Tiroides3/tiroides111.png,Ultrasound of the thyroid with benign appearance.,benign,tissue+condition
train/benign/Tiroides3/tiroides112.png,"A clinical ultrasound scan of the thyroid, categorized as benign.",benign,tissue+condition
train/benign/Tiroides3/tiroides113.png,"A clinical ultrasound scan of the thyroid, categorized as benign.",benign,tissue+condition
train/benign/Tiroides3/tiroides114.png,Sonographic appearance of benign thyroid.,benign,tissue+condition
train/benign/Tiroides3/tiroides115.png,Sonographic appearance of benign thyroid.,benign,tissue+condition
train/benign/Tiroides3/tiroides116.png,Echographic appearance of the thyroid with benign features.,benign,tissue+condition
train/benign/Tiroides3/tiroides117.png,Ultrasound of the thyroid with benign appearance.,benign,tissue+condition
train/benign/Tiroides3/tiroides118.png,This ultrasound image shows the thyroid with a benign label.,benign,tissue+condition
train/benign/Tiroides3/tiroides119.png,"A B-mode ultrasound of the thyroid, labeled benign.",benign,tissue+condition
train/benign/Tiroides3/tiroides12.png,This ultrasound image shows the thyroid with a benign label.,benign,tissue+condition
train/benign/Tiroides3/tiroides120.png,Sonographic appearance of benign thyroid.,benign,tissue+condition
train/benign/Tiroides3/tiroides121.png,This ultrasound image shows the thyroid with a benign label.,benign,tissue+condition
train/benign/Tiroides3/tiroides122.png,"A diagnostic ultrasound image of the thyroid, tagged as benign.",benign,tissue+condition
train/benign/Tiroides3/tiroides123.png,An ultrasound image of the thyroid with benign findings.,benign,tissue+condition
train/benign/Tiroides3/tiroides124.png,Echographic appearance of the thyroid with benign features.,benign,tissue+condition
train/benign/Tiroides3/tiroides125.png,Ultrasound of the thyroid with benign appearance.,benign,tissue+condition
train/benign/Tiroides3/tiroides126.png,A grayscale ultrasound image demonstrating benign changes in the thyroid.,benign,tissue+condition
train/benign/Tiroides3/tiroides127.png,Echographic appearance of the thyroid with benign features.,benign,tissue+condition
train/benign/Tiroides3/tiroides128.png,"A diagnostic ultrasound image of the thyroid, tagged as benign.",benign,tissue+condition
train/benign/Tiroides3/tiroides129.png,Ultrasound of the thyroid with benign appearance.,benign,tissue+condition
train/benign/Tiroides3/tiroides13.png,Sonographic appearance of benign thyroid.,benign,tissue+condition
train/benign/Tiroides3/tiroides130.png,A grayscale ultrasound image demonstrating benign changes in the thyroid.,benign,tissue+condition
train/benign/Tiroides3/tiroides131.png,"A B-mode ultrasound of the thyroid, labeled benign.",benign,tissue+condition
train/benign/Tiroides3/tiroides132.png,"A B-mode ultrasound of the thyroid, labeled benign.",benign,tissue+condition
train/benign/Tiroides3/tiroides133.png,"A clinical ultrasound scan of the thyroid, categorized as benign.",benign,tissue+condition
train/benign/Tiroides3/tiroides134.png,This sonogram of the thyroid is labeled benign.,benign,tissue+condition
train/benign/Tiroides3/tiroides135.png,"A diagnostic ultrasound image of the thyroid, tagged as benign.",benign,tissue+condition
train/benign/Tiroides3/tiroides136.png,Ultrasound of the thyroid with benign appearance.,benign,tissue+condition
train/benign/Tiroides3/tiroides137.png,This sonogram of the thyroid is labeled benign.,benign,tissue+condition
train/benign/Tiroides3/tiroides138.png,This sonogram of the thyroid is labeled benign.,benign,tissue+condition
train/benign/Tiroides3/tiroides139.png,A grayscale ultrasound image demonstrating benign changes in the thyroid.,benign,tissue+condition
train/benign/Tiroides3/tiroides14.png,"A B-mode ultrasound of the thyroid, labeled benign.",benign,tissue+condition
train/benign/Tiroides3/tiroides140.png,Sonographic appearance of benign thyroid.,benign,tissue+condition
train/benign/Tiroides3/tiroides141.png,Echographic appearance of the thyroid with benign features.,benign,tissue+condition
train/benign/Tiroides3/tiroides142.png,"A B-mode ultrasound of the thyroid, labeled benign.",benign,tissue+condition
train/benign/Tiroides3/tiroides143.png,"A diagnostic ultrasound image of the thyroid, tagged as benign.",benign,tissue+condition
train/benign/Tiroides3/tiroides144.png,"A diagnostic ultrasound image of the thyroid, tagged as benign.",benign,tissue+condition
train/benign/Tiroides3/tiroides145.png,Ultrasound of the thyroid with benign appearance.,benign,tissue+condition
train/benign/Tiroides3/tiroides146.png,Echographic appearance of the thyroid with benign features.,benign,tissue+condition
train/benign/Tiroides3/tiroides147.png,Sonographic appearance of benign thyroid.,benign,tissue+condition
train/benign/Tiroides3/tiroides148.png,Ultrasound of the thyroid with benign appearance.,benign,tissue+condition
train/benign/Tiroides3/tiroides149.png,A grayscale ultrasound image demonstrating benign changes in the thyroid.,benign,tissue+condition
train/benign/Tiroides3/tiroides15.png,Sonographic appearance of benign thyroid.,benign,tissue+condition
train/benign/Tiroides3/tiroides150.png,Sonographic appearance of benign thyroid.,benign,tissue+condition
train/benign/Tiroides3/tiroides151.png,This sonogram of the thyroid is labeled benign.,benign,tissue+condition
train/benign/Tiroides3/tiroides16.png,Ultrasound of the thyroid with benign appearance.,benign,tissue+condition
train/benign/Tiroides3/tiroides17.png,An ultrasound image of the thyroid with benign findings.,benign,tissue+condition
train/benign/Tiroides3/tiroides18.png,"A B-mode ultrasound of the thyroid, labeled benign.",benign,tissue+condition
train/benign/Tiroides3/tiroides19.png,Ultrasound of the thyroid with benign appearance.,benign,tissue+condition
train/benign/Tiroides3/tiroides2.png,Sonographic appearance of benign thyroid.,benign,tissue+condition
train/benign/Tiroides3/tiroides20.png,"A clinical ultrasound scan of the thyroid, categorized as benign.",benign,tissue+condition
train/benign/Tiroides3/tiroides21.png,Sonographic appearance of benign thyroid.,benign,tissue+condition
train/benign/Tiroides3/tiroides22.png,Sonographic appearance of benign thyroid.,benign,tissue+condition
train/benign/Tiroides3/tiroides23.png,Echographic appearance of the thyroid with benign features.,benign,tissue+condition
train/benign/Tiroides3/tiroides24.png,This ultrasound image shows the thyroid with a benign label.,benign,tissue+condition
train/benign/Tiroides3/tiroides25.png,Echographic appearance of the thyroid with benign features.,benign,tissue+condition
train/benign/Tiroides3/tiroides26.png,Ultrasound of the thyroid with benign appearance.,benign,tissue+condition
train/benign/Tiroides3/tiroides27.png,"A clinical ultrasound scan of the thyroid, categorized as benign.",benign,tissue+condition
train/benign/Tiroides3/tiroides28.png,"A B-mode ultrasound of the thyroid, labeled benign.",benign,tissue+condition
train/benign/Tiroides3/tiroides29.png,"A clinical ultrasound scan of the thyroid, categorized as benign.",benign,tissue+condition
train/benign/Tiroides3/tiroides291.png,This ultrasound image shows the thyroid with a benign label.,benign,tissue+condition
train/benign/Tiroides3/tiroides3.png,Ultrasound of the thyroid with benign appearance.,benign,tissue+condition
train/benign/Tiroides3/tiroides30.png,"A clinical ultrasound scan of the thyroid, categorized as benign.",benign,tissue+condition
train/benign/Tiroides3/tiroides31 (1).png,Sonographic appearance of benign thyroid.,benign,tissue+condition
train/benign/Tiroides3/tiroides31 (10).png,"A clinical ultrasound scan of the thyroid, categorized as benign.",benign,tissue+condition
train/benign/Tiroides3/tiroides31 (11).png,A grayscale ultrasound image demonstrating benign changes in the thyroid.,benign,tissue+condition
train/benign/Tiroides3/tiroides31 (12).png,Ultrasound of the thyroid with benign appearance.,benign,tissue+condition
train/benign/Tiroides3/tiroides31 (13).png,"A B-mode ultrasound of the thyroid, labeled benign.",benign,tissue+condition
train/benign/Tiroides3/tiroides31 (14).png,Ultrasound of the thyroid with benign appearance.,benign,tissue+condition
train/benign/Tiroides3/tiroides31 (15).png,Sonographic appearance of benign thyroid.,benign,tissue+condition
train/benign/Tiroides3/tiroides31 (16).png,A grayscale ultrasound image demonstrating benign changes in the thyroid.,benign,tissue+condition
train/benign/Tiroides3/tiroides31 (17).png,A grayscale ultrasound image demonstrating benign changes in the thyroid.,benign,tissue+condition
train/benign/Tiroides3/tiroides31 (18).png,Sonographic appearance of benign thyroid.,benign,tissue+condition
train/benign/Tiroides3/tiroides31 (19).png,Sonographic appearance of benign thyroid.,benign,tissue+condition
train/benign/Tiroides3/tiroides31 (2).png,A grayscale ultrasound image demonstrating benign changes in the thyroid.,benign,tissue+condition
train/benign/Tiroides3/tiroides31 (20).png,A grayscale ultrasound image demonstrating benign changes in the thyroid.,benign,tissue+condition
train/benign/Tiroides3/tiroides31 (21).png,Echographic appearance of the thyroid with benign features.,benign,tissue+condition
train/benign/Tiroides3/tiroides31 (22).png,A grayscale ultrasound image demonstrating benign changes in the thyroid.,benign,tissue+condition
train/benign/Tiroides3/tiroides31 (23).png,An ultrasound image of the thyroid with benign findings.,benign,tissue+condition
train/benign/Tiroides3/tiroides31 (24).png,An ultrasound image of the thyroid with benign findings.,benign,tissue+condition
train/benign/Tiroides3/tiroides31 (25).png,"A B-mode ultrasound of the thyroid, labeled benign.",benign,tissue+condition
train/benign/Tiroides3/tiroides31 (26).png,An ultrasound image of the thyroid with benign findings.,benign,tissue+condition
train/benign/Tiroides3/tiroides31 (27).png,A grayscale ultrasound image demonstrating benign changes in the thyroid.,benign,tissue+condition
train/benign/Tiroides3/tiroides31 (28).png,"A clinical ultrasound scan of the thyroid, categorized as benign.",benign,tissue+condition
train/benign/Tiroides3/tiroides31 (29).png,This ultrasound image shows the thyroid with a benign label.,benign,tissue+condition
train/benign/Tiroides3/tiroides31 (3).png,A grayscale ultrasound image demonstrating benign changes in the thyroid.,benign,tissue+condition
train/benign/Tiroides3/tiroides31 (30).png,This sonogram of the thyroid is labeled benign.,benign,tissue+condition
train/benign/Tiroides3/tiroides31 (31).png,A grayscale ultrasound image demonstrating benign changes in the thyroid.,benign,tissue+condition
train/benign/Tiroides3/tiroides31 (32).png,An ultrasound image of the thyroid with benign findings.,benign,tissue+condition
train/benign/Tiroides3/tiroides31 (33).png,"A diagnostic ultrasound image of the thyroid, tagged as benign.",benign,tissue+condition
train/benign/Tiroides3/tiroides31 (34).png,Ultrasound of the thyroid with benign appearance.,benign,tissue+condition
train/benign/Tiroides3/tiroides31 (35).png,"A clinical ultrasound scan of the thyroid, categorized as benign.",benign,tissue+condition
train/benign/Tiroides3/tiroides31 (36).png,"A clinical ultrasound scan of the thyroid, categorized as benign.",benign,tissue+condition
train/benign/Tiroides3/tiroides31 (37).png,"A diagnostic ultrasound image of the thyroid, tagged as benign.",benign,tissue+condition
train/benign/Tiroides3/tiroides31 (38).png,This ultrasound image shows the thyroid with a benign label.,benign,tissue+condition
train/benign/Tiroides3/tiroides31 (39).png,This sonogram of the thyroid is labeled benign.,benign,tissue+condition
train/benign/Tiroides3/tiroides31 (4).png,"A clinical ultrasound scan of the thyroid, categorized as benign.",benign,tissue+condition
train/benign/Tiroides3/tiroides31 (40).png,"A diagnostic ultrasound image of the thyroid, tagged as benign.",benign,tissue+condition
train/benign/Tiroides3/tiroides31 (41).png,"A B-mode ultrasound of the thyroid, labeled benign.",benign,tissue+condition
train/benign/Tiroides3/tiroides31 (42).png,An ultrasound image of the thyroid with benign findings.,benign,tissue+condition
train/benign/Tiroides3/tiroides31 (43).png,Sonographic appearance of benign thyroid.,benign,tissue+condition
train/benign/Tiroides3/tiroides31 (44).png,"A diagnostic ultrasound image of the thyroid, tagged as benign.",benign,tissue+condition
train/benign/Tiroides3/tiroides31 (45).png,This sonogram of the thyroid is labeled benign.,benign,tissue+condition
train/benign/Tiroides3/tiroides31 (46).png,"A diagnostic ultrasound image of the thyroid, tagged as benign.",benign,tissue+condition
train/benign/Tiroides3/tiroides31 (47).png,"A diagnostic ultrasound image of the thyroid, tagged as benign.",benign,tissue+condition
train/benign/Tiroides3/tiroides31 (48).png,This ultrasound image shows the thyroid with a benign label.,benign,tissue+condition
train/benign/Tiroides3/tiroides31 (49).png,Echographic appearance of the thyroid with benign features.,benign,tissue+condition
train/benign/Tiroides3/tiroides31 (5).png,A grayscale ultrasound image demonstrating benign changes in the thyroid.,benign,tissue+condition
train/benign/Tiroides3/tiroides31 (50).png,Sonographic appearance of benign thyroid.,benign,tissue+condition
train/benign/Tiroides3/tiroides31 (51).png,Echographic appearance of the thyroid with benign features.,benign,tissue+condition
train/benign/Tiroides3/tiroides31 (52).png,Echographic appearance of the thyroid with benign features.,benign,tissue+condition
train/benign/Tiroides3/tiroides31 (53).png,Echographic appearance of the thyroid with benign features.,benign,tissue+condition
train/benign/Tiroides3/tiroides31 (54).png,This sonogram of the thyroid is labeled benign.,benign,tissue+condition
train/benign/Tiroides3/tiroides31 (55).png,Sonographic appearance of benign thyroid.,benign,tissue+condition
train/benign/Tiroides3/tiroides31 (56).png,Echographic appearance of the thyroid with benign features.,benign,tissue+condition
train/benign/Tiroides3/tiroides31 (57).png,Ultrasound of the thyroid with benign appearance.,benign,tissue+condition
train/benign/Tiroides3/tiroides31 (58).png,Ultrasound of the thyroid with benign appearance.,benign,tissue+condition
train/benign/Tiroides3/tiroides31 (59).png,"A B-mode ultrasound of the thyroid, labeled benign.",benign,tissue+condition
train/benign/Tiroides3/tiroides31 (6).png,Echographic appearance of the thyroid with benign features.,benign,tissue+condition
train/benign/Tiroides3/tiroides31 (60).png,This ultrasound image shows the thyroid with a benign label.,benign,tissue+condition
train/benign/Tiroides3/tiroides31 (61).png,"A diagnostic ultrasound image of the thyroid, tagged as benign.",benign,tissue+condition
train/benign/Tiroides3/tiroides31 (62).png,"A B-mode ultrasound of the thyroid, labeled benign.",benign,tissue+condition
train/benign/Tiroides3/tiroides31 (63).png,"A clinical ultrasound scan of the thyroid, categorized as benign.",benign,tissue+condition
train/benign/Tiroides3/tiroides31 (64).png,"A diagnostic ultrasound image of the thyroid, tagged as benign.",benign,tissue+condition
train/benign/Tiroides3/tiroides31 (65).png,This ultrasound image shows the thyroid with a benign label.,benign,tissue+condition
train/benign/Tiroides3/tiroides31 (66).png,Sonographic appearance of benign thyroid.,benign,tissue+condition
train/benign/Tiroides3/tiroides31 (67).png,"A B-mode ultrasound of the thyroid, labeled benign.",benign,tissue+condition
train/benign/Tiroides3/tiroides31 (68).png,An ultrasound image of the thyroid with benign findings.,benign,tissue+condition
train/benign/Tiroides3/tiroides31 (69).png,"A clinical ultrasound scan of the thyroid, categorized as benign.",benign,tissue+condition
train/benign/Tiroides3/tiroides31 (7).png,This sonogram of the thyroid is labeled benign.,benign,tissue+condition
train/benign/Tiroides3/tiroides31 (70).png,A grayscale ultrasound image demonstrating benign changes in the thyroid.,benign,tissue+condition
train/benign/Tiroides3/tiroides31 (71).png,This sonogram of the thyroid is labeled benign.,benign,tissue+condition
train/benign/Tiroides3/tiroides31 (8).png,This ultrasound image shows the thyroid with a benign label.,benign,tissue+condition
train/benign/Tiroides3/tiroides31 (9).png,Sonographic appearance of benign thyroid.,benign,tissue+condition
train/benign/Tiroides3/tiroides31.png,Echographic appearance of the thyroid with benign features.,benign,tissue+condition
train/benign/Tiroides3/tiroides32.png,A grayscale ultrasound image demonstrating benign changes in the thyroid.,benign,tissue+condition
train/benign/Tiroides3/tiroides33.png,Echographic appearance of the thyroid with benign features.,benign,tissue+condition
train/benign/Tiroides3/tiroides34.png,This ultrasound image shows the thyroid with a benign label.,benign,tissue+condition
train/benign/Tiroides3/tiroides35.png,Sonographic appearance of benign thyroid.,benign,tissue+condition
train/benign/Tiroides3/tiroides36.png,"A diagnostic ultrasound image of the thyroid, tagged as benign.",benign,tissue+condition
train/benign/Tiroides3/tiroides37.png,Ultrasound of the thyroid with benign appearance.,benign,tissue+condition
train/benign/Tiroides3/tiroides38.png,"A diagnostic ultrasound image of the thyroid, tagged as benign.",benign,tissue+condition
train/benign/Tiroides3/tiroides39.png,"A diagnostic ultrasound image of the thyroid, tagged as benign.",benign,tissue+condition
train/benign/Tiroides3/tiroides4.png,"A clinical ultrasound scan of the thyroid, categorized as benign.",benign,tissue+condition
train/benign/Tiroides3/tiroides40.png,"A diagnostic ultrasound image of the thyroid, tagged as benign.",benign,tissue+condition
train/benign/Tiroides3/tiroides41.png,An ultrasound image of the thyroid with benign findings.,benign,tissue+condition
train/benign/Tiroides3/tiroides42.png,"A B-mode ultrasound of the thyroid, labeled benign.",benign,tissue+condition
train/benign/Tiroides3/tiroides43.png,This sonogram of the thyroid is labeled benign.,benign,tissue+condition
train/benign/Tiroides3/tiroides44.png,Ultrasound of the thyroid with benign appearance.,benign,tissue+condition
train/benign/Tiroides3/tiroides45.png,"A diagnostic ultrasound image of the thyroid, tagged as benign.",benign,tissue+condition
train/benign/Tiroides3/tiroides46.png,This ultrasound image shows the thyroid with a benign label.,benign,tissue+condition
train/benign/Tiroides3/tiroides47.png,This ultrasound image shows the thyroid with a benign label.,benign,tissue+condition
train/benign/Tiroides3/tiroides48.png,A grayscale ultrasound image demonstrating benign changes in the thyroid.,benign,tissue+condition
train/benign/Tiroides3/tiroides49.png,Echographic appearance of the thyroid with benign features.,benign,tissue+condition
train/benign/Tiroides3/tiroides5.png,An ultrasound image of the thyroid with benign findings.,benign,tissue+condition
train/benign/Tiroides3/tiroides50.png,An ultrasound image of the thyroid with benign findings.,benign,tissue+condition
train/benign/Tiroides3/tiroides51.png,"A clinical ultrasound scan of the thyroid, categorized as benign.",benign,tissue+condition
train/benign/Tiroides3/tiroides52.png,"A diagnostic ultrasound image of the thyroid, tagged as benign.",benign,tissue+condition
train/benign/Tiroides3/tiroides53.png,A grayscale ultrasound image demonstrating benign changes in the thyroid.,benign,tissue+condition
train/benign/Tiroides3/tiroides54.png,"A diagnostic ultrasound image of the thyroid, tagged as benign.",benign,tissue+condition
train/benign/Tiroides3/tiroides55.png,"A clinical ultrasound scan of the thyroid, categorized as benign.",benign,tissue+condition
train/benign/Tiroides3/tiroides56.png,Ultrasound of the thyroid with benign appearance.,benign,tissue+condition
train/benign/Tiroides3/tiroides57.png,An ultrasound image of the thyroid with benign findings.,benign,tissue+condition
train/benign/Tiroides3/tiroides58.png,"A B-mode ultrasound of the thyroid, labeled benign.",benign,tissue+condition
train/benign/Tiroides3/tiroides59.png,This sonogram of the thyroid is labeled benign.,benign,tissue+condition
train/benign/Tiroides3/tiroides6.png,Sonographic appearance of benign thyroid.,benign,tissue+condition
train/benign/Tiroides3/tiroides60.png,"A clinical ultrasound scan of the thyroid, categorized as benign.",benign,tissue+condition
train/benign/Tiroides3/tiroides61.png,Echographic appearance of the thyroid with benign features.,benign,tissue+condition
train/benign/Tiroides3/tiroides62.png,This sonogram of the thyroid is labeled benign.,benign,tissue+condition
train/benign/Tiroides3/tiroides63.png,Echographic appearance of the thyroid with benign features.,benign,tissue+condition
train/benign/Tiroides3/tiroides64.png,An ultrasound image of the thyroid with benign findings.,benign,tissue+condition
train/benign/Tiroides3/tiroides65.png,This sonogram of the thyroid is labeled benign.,benign,tissue+condition
train/benign/Tiroides3/tiroides66.png,An ultrasound image of the thyroid with benign findings.,benign,tissue+condition
train/benign/Tiroides3/tiroides67.png,A grayscale ultrasound image demonstrating benign changes in the thyroid.,benign,tissue+condition
train/benign/Tiroides3/tiroides68.png,Ultrasound of the thyroid with benign appearance.,benign,tissue+condition
train/benign/Tiroides3/tiroides69.png,This ultrasound image shows the thyroid with a benign label.,benign,tissue+condition
train/benign/Tiroides3/tiroides7.png,Echographic appearance of the thyroid with benign features.,benign,tissue+condition
train/benign/Tiroides3/tiroides70.png,Ultrasound of the thyroid with benign appearance.,benign,tissue+condition
train/benign/Tiroides3/tiroides71.png,"A clinical ultrasound scan of the thyroid, categorized as benign.",benign,tissue+condition
train/benign/Tiroides3/tiroides72.png,"A B-mode ultrasound of the thyroid, labeled benign.",benign,tissue+condition
train/benign/Tiroides3/tiroides73.png,This sonogram of the thyroid is labeled benign.,benign,tissue+condition
train/benign/Tiroides3/tiroides74.png,Ultrasound of the thyroid with benign appearance.,benign,tissue+condition
train/benign/Tiroides3/tiroides75.png,"A diagnostic ultrasound image of the thyroid, tagged as benign.",benign,tissue+condition
train/benign/Tiroides3/tiroides76.png,Ultrasound of the thyroid with benign appearance.,benign,tissue+condition
train/benign/Tiroides3/tiroides77.png,"A clinical ultrasound scan of the thyroid, categorized as benign.",benign,tissue+condition
train/benign/Tiroides3/tiroides78.png,A grayscale ultrasound image demonstrating benign changes in the thyroid.,benign,tissue+condition
train/benign/Tiroides3/tiroides79.png,A grayscale ultrasound image demonstrating benign changes in the thyroid.,benign,tissue+condition
train/benign/Tiroides3/tiroides8.png,"A B-mode ultrasound of the thyroid, labeled benign.",benign,tissue+condition
train/benign/Tiroides3/tiroides80.png,Sonographic appearance of benign thyroid.,benign,tissue+condition
train/benign/Tiroides3/tiroides81.png,"A B-mode ultrasound of the thyroid, labeled benign.",benign,tissue+condition
train/benign/Tiroides3/tiroides82.png,This sonogram of the thyroid is labeled benign.,benign,tissue+condition
train/benign/Tiroides3/tiroides83.png,Echographic appearance of the thyroid with benign features.,benign,tissue+condition
train/benign/Tiroides3/tiroides84.png,Echographic appearance of the thyroid with benign features.,benign,tissue+condition
train/benign/Tiroides3/tiroides85.png,Ultrasound of the thyroid with benign appearance.,benign,tissue+condition
train/benign/Tiroides3/tiroides86.png,Echographic appearance of the thyroid with benign features.,benign,tissue+condition
train/benign/Tiroides3/tiroides89.png,Sonographic appearance of benign thyroid.,benign,tissue+condition
train/benign/Tiroides3/tiroides9.png,This ultrasound image shows the thyroid with a benign label.,benign,tissue+condition
train/benign/Tiroides3/tiroides90.png,A grayscale ultrasound image demonstrating benign changes in the thyroid.,benign,tissue+condition
train/benign/Tiroides3/tiroides91.png,Ultrasound of the thyroid with benign appearance.,benign,tissue+condition
train/benign/Tiroides3/tiroides92.png,This sonogram of the thyroid is labeled benign.,benign,tissue+condition
train/benign/Tiroides3/tiroides93.png,Ultrasound of the thyroid with benign appearance.,benign,tissue+condition
train/benign/Tiroides3/tiroides94.png,An ultrasound image of the thyroid with benign findings.,benign,tissue+condition
train/benign/Tiroides3/tiroides95.png,An ultrasound image of the thyroid with benign findings.,benign,tissue+condition
train/benign/Tiroides3/tiroides96.png,An ultrasound image of the thyroid with benign findings.,benign,tissue+condition
train/benign/Tiroides3/tiroides97.png,Sonographic appearance of benign thyroid.,benign,tissue+condition
train/benign/Tiroides3/tiroides98.png,Echographic appearance of the thyroid with benign features.,benign,tissue+condition
train/benign/Tiroides3/tiroides99.png,"A diagnostic ultrasound image of the thyroid, tagged as benign.",benign,tissue+condition
train/normal thyroid/tiroides10.png,Ultrasound of the thyroid with normal appearance.,normal,tissue+condition
train/normal thyroid/tiroides11.png,"A diagnostic ultrasound image of the thyroid, tagged as normal.",normal,tissue+condition
train/normal thyroid/tiroides12.png,Sonographic appearance of normal thyroid.,normal,tissue+condition
train/normal thyroid/tiroides13.png,A grayscale ultrasound image demonstrating normal changes in the thyroid.,normal,tissue+condition
train/normal thyroid/tiroides14.png,Ultrasound of the thyroid with normal appearance.,normal,tissue+condition
train/normal thyroid/tiroides15.png,Sonographic appearance of normal thyroid.,normal,tissue+condition
train/normal thyroid/tiroides16.png,Echographic appearance of the thyroid with normal features.,normal,tissue+condition
train/normal thyroid/tiroides17.png,A grayscale ultrasound image demonstrating normal changes in the thyroid.,normal,tissue+condition
train/normal thyroid/tiroides18.png,Echographic appearance of the thyroid with normal features.,normal,tissue+condition
train/normal thyroid/tiroides19.png,Sonographic appearance of normal thyroid.,normal,tissue+condition
train/normal thyroid/tiroides20.png,This sonogram of the thyroid is labeled normal.,normal,tissue+condition
train/normal thyroid/tiroides21.png,A grayscale ultrasound image demonstrating normal changes in the thyroid.,normal,tissue+condition
train/normal thyroid/tiroides22.png,"A clinical ultrasound scan of the thyroid, categorized as normal.",normal,tissue+condition
train/normal thyroid/tiroides23.png,A grayscale ultrasound image demonstrating normal changes in the thyroid.,normal,tissue+condition
train/normal thyroid/tiroides24.png,Echographic appearance of the thyroid with normal features.,normal,tissue+condition
train/normal thyroid/tiroides25.png,Ultrasound of the thyroid with normal appearance.,normal,tissue+condition
train/normal thyroid/tiroides26.png,Ultrasound of the thyroid with normal appearance.,normal,tissue+condition
train/normal thyroid/tiroides27.png,Ultrasound of the thyroid with normal appearance.,normal,tissue+condition
train/normal thyroid/tiroides28.png,"A diagnostic ultrasound image of the thyroid, tagged as normal.",normal,tissue+condition
train/normal thyroid/tiroides29.png,A grayscale ultrasound image demonstrating normal changes in the thyroid.,normal,tissue+condition
train/normal thyroid/tiroides3.png,"A clinical ultrasound scan of the thyroid, categorized as normal.",normal,tissue+condition
train/normal thyroid/tiroides30.png,"A diagnostic ultrasound image of the thyroid, tagged as normal.",normal,tissue+condition
train/normal thyroid/tiroides31.png,An ultrasound image of the thyroid with normal findings.,normal,tissue+condition
train/normal thyroid/tiroides32.png,Echographic appearance of the thyroid with normal features.,normal,tissue+condition
train/normal thyroid/tiroides33.png,Echographic appearance of the thyroid with normal features.,normal,tissue+condition
train/normal thyroid/tiroides34.png,"A B-mode ultrasound of the thyroid, labeled normal.",normal,tissue+condition
train/normal thyroid/tiroides35.png,This sonogram of the thyroid is labeled normal.,normal,tissue+condition
train/normal thyroid/tiroides36.png,A grayscale ultrasound image demonstrating normal changes in the thyroid.,normal,tissue+condition
train/normal thyroid/tiroides37.png,"A clinical ultrasound scan of the thyroid, categorized as normal.",normal,tissue+condition
train/normal thyroid/tiroides38.png,An ultrasound image of the thyroid with normal findings.,normal,tissue+condition
train/normal thyroid/tiroides39.png,A grayscale ultrasound image demonstrating normal changes in the thyroid.,normal,tissue+condition
train/normal thyroid/tiroides4.png,"A diagnostic ultrasound image of the thyroid, tagged as normal.",normal,tissue+condition
train/normal thyroid/tiroides40.png,"A clinical ultrasound scan of the thyroid, categorized as normal.",normal,tissue+condition
train/normal thyroid/tiroides41.png,A grayscale ultrasound image demonstrating normal changes in the thyroid.,normal,tissue+condition
train/normal thyroid/tiroides42.png,A grayscale ultrasound image demonstrating normal changes in the thyroid.,normal,tissue+condition
train/normal thyroid/tiroides43.png,This ultrasound image shows the thyroid with a normal label.,normal,tissue+condition
train/normal thyroid/tiroides44.png,An ultrasound image of the thyroid with normal findings.,normal,tissue+condition
train/normal thyroid/tiroides45.png,A grayscale ultrasound image demonstrating normal changes in the thyroid.,normal,tissue+condition
train/normal thyroid/tiroides46.png,"A diagnostic ultrasound image of the thyroid, tagged as normal.",normal,tissue+condition
train/normal thyroid/tiroides47.png,Sonographic appearance of normal thyroid.,normal,tissue+condition
train/normal thyroid/tiroides48.png,Ultrasound of the thyroid with normal appearance.,normal,tissue+condition
train/normal thyroid/tiroides49.png,A grayscale ultrasound image demonstrating normal changes in the thyroid.,normal,tissue+condition
train/normal thyroid/tiroides5.png,This sonogram of the thyroid is labeled normal.,normal,tissue+condition
train/normal thyroid/tiroides50.png,Sonographic appearance of normal thyroid.,normal,tissue+condition
train/normal thyroid/tiroides51.png,This ultrasound image shows the thyroid with a normal label.,normal,tissue+condition
train/normal thyroid/tiroides52.png,An ultrasound image of the thyroid with normal findings.,normal,tissue+condition
train/normal thyroid/tiroides53.png,A grayscale ultrasound image demonstrating normal changes in the thyroid.,normal,tissue+condition
train/normal thyroid/tiroides54.png,"A B-mode ultrasound of the thyroid, labeled normal.",normal,tissue+condition
train/normal thyroid/tiroides55.png,This ultrasound image shows the thyroid with a normal label.,normal,tissue+condition
train/normal thyroid/tiroides56.png,An ultrasound image of the thyroid with normal findings.,normal,tissue+condition
train/normal thyroid/tiroides57.png,"A diagnostic ultrasound image of the thyroid, tagged as normal.",normal,tissue+condition
train/normal thyroid/tiroides58.png,Echographic appearance of the thyroid with normal features.,normal,tissue+condition
train/normal thyroid/tiroides59.png,This sonogram of the thyroid is labeled normal.,normal,tissue+condition
train/normal thyroid/tiroides6.png,Sonographic appearance of normal thyroid.,normal,tissue+condition
train/normal thyroid/tiroides60.png,This sonogram of the thyroid is labeled normal.,normal,tissue+condition
train/normal thyroid/tiroides61.png,This ultrasound image shows the thyroid with a normal label.,normal,tissue+condition
train/normal thyroid/tiroides62.png,This sonogram of the thyroid is labeled normal.,normal,tissue+condition
train/normal thyroid/tiroides63.png,Ultrasound of the thyroid with normal appearance.,normal,tissue+condition
train/normal thyroid/tiroides64.png,A grayscale ultrasound image demonstrating normal changes in the thyroid.,normal,tissue+condition
train/normal thyroid/tiroides65.png,"A diagnostic ultrasound image of the thyroid, tagged as normal.",normal,tissue+condition
train/normal thyroid/tiroides66.png,An ultrasound image of the thyroid with normal findings.,normal,tissue+condition
train/normal thyroid/tiroides67.png,Sonographic appearance of normal thyroid.,normal,tissue+condition
train/normal thyroid/tiroides68.png,Ultrasound of the thyroid with normal appearance.,normal,tissue+condition
train/normal thyroid/tiroides69.png,This ultrasound image shows the thyroid with a normal label.,normal,tissue+condition
train/normal thyroid/tiroides7.png,Ultrasound of the thyroid with normal appearance.,normal,tissue+condition
train/normal thyroid/tiroides70.png,Echographic appearance of the thyroid with normal features.,normal,tissue+condition
train/normal thyroid/tiroides71.png,"A diagnostic ultrasound image of the thyroid, tagged as normal.",normal,tissue+condition
train/normal thyroid/tiroides72.png,Ultrasound of the thyroid with normal appearance.,normal,tissue+condition
train/normal thyroid/tiroides73.png,This sonogram of the thyroid is labeled normal.,normal,tissue+condition
train/normal thyroid/tiroides74.png,Echographic appearance of the thyroid with normal features.,normal,tissue+condition
train/normal thyroid/tiroides75.png,Sonographic appearance of normal thyroid.,normal,tissue+condition
train/normal thyroid/tiroides76.png,"A diagnostic ultrasound image of the thyroid, tagged as normal.",normal,tissue+condition
train/normal thyroid/tiroides77.png,Ultrasound of the thyroid with normal appearance.,normal,tissue+condition
train/normal thyroid/tiroides78.png,Echographic appearance of the thyroid with normal features.,normal,tissue+condition
train/normal thyroid/tiroides79.png,Ultrasound of the thyroid with normal appearance.,normal,tissue+condition
train/normal thyroid/tiroides8.png,Echographic appearance of the thyroid with normal features.,normal,tissue+condition
train/normal thyroid/tiroides80.png,"A clinical ultrasound scan of the thyroid, categorized as normal.",normal,tissue+condition
train/normal thyroid/tiroides821 (1).png,A grayscale ultrasound image demonstrating normal changes in the thyroid.,normal,tissue+condition
train/normal thyroid/tiroides821 (10).png,"A diagnostic ultrasound image of the thyroid, tagged as normal.",normal,tissue+condition
train/normal thyroid/tiroides821 (11).png,This ultrasound image shows the thyroid with a normal label.,normal,tissue+condition
train/normal thyroid/tiroides821 (12).png,This ultrasound image shows the thyroid with a normal label.,normal,tissue+condition
train/normal thyroid/tiroides821 (13).png,"A clinical ultrasound scan of the thyroid, categorized as normal.",normal,tissue+condition
train/normal thyroid/tiroides821 (14).png,Ultrasound of the thyroid with normal appearance.,normal,tissue+condition
train/normal thyroid/tiroides821 (15).png,"A clinical ultrasound scan of the thyroid, categorized as normal.",normal,tissue+condition
train/normal thyroid/tiroides821 (16).png,This ultrasound image shows the thyroid with a normal label.,normal,tissue+condition
train/normal thyroid/tiroides821 (17).png,"A clinical ultrasound scan of the thyroid, categorized as normal.",normal,tissue+condition
train/normal thyroid/tiroides821 (18).png,"A clinical ultrasound scan of the thyroid, categorized as normal.",normal,tissue+condition
train/normal thyroid/tiroides821 (19).png,This ultrasound image shows the thyroid with a normal label.,normal,tissue+condition
train/normal thyroid/tiroides821 (2).png,"A diagnostic ultrasound image of the thyroid, tagged as normal.",normal,tissue+condition
train/normal thyroid/tiroides821 (20).png,Echographic appearance of the thyroid with normal features.,normal,tissue+condition
train/normal thyroid/tiroides821 (21).png,"A diagnostic ultrasound image of the thyroid, tagged as normal.",normal,tissue+condition
train/normal thyroid/tiroides821 (22).png,Echographic appearance of the thyroid with normal features.,normal,tissue+condition
train/normal thyroid/tiroides821 (23).png,Ultrasound of the thyroid with normal appearance.,normal,tissue+condition
train/normal thyroid/tiroides821 (24).png,"A clinical ultrasound scan of the thyroid, categorized as normal.",normal,tissue+condition
train/normal thyroid/tiroides821 (25).png,"A clinical ultrasound scan of the thyroid, categorized as normal.",normal,tissue+condition
train/normal thyroid/tiroides821 (26).png,"A B-mode ultrasound of the thyroid, labeled normal.",normal,tissue+condition
train/normal thyroid/tiroides821 (27).png,A grayscale ultrasound image demonstrating normal changes in the thyroid.,normal,tissue+condition
train/normal thyroid/tiroides821 (28).png,Ultrasound of the thyroid with normal appearance.,normal,tissue+condition
train/normal thyroid/tiroides821 (29).png,This sonogram of the thyroid is labeled normal.,normal,tissue+condition
train/normal thyroid/tiroides821 (3).png,This sonogram of the thyroid is labeled normal.,normal,tissue+condition
train/normal thyroid/tiroides821 (30).png,Echographic appearance of the thyroid with normal features.,normal,tissue+condition
train/normal thyroid/tiroides821 (31).png,Sonographic appearance of normal thyroid.,normal,tissue+condition
train/normal thyroid/tiroides821 (32).png,"A clinical ultrasound scan of the thyroid, categorized as normal.",normal,tissue+condition
train/normal thyroid/tiroides821 (33).png,An ultrasound image of the thyroid with normal findings.,normal,tissue+condition
train/normal thyroid/tiroides821 (34).png,"A clinical ultrasound scan of the thyroid, categorized as normal.",normal,tissue+condition
train/normal thyroid/tiroides821 (35).png,"A B-mode ultrasound of the thyroid, labeled normal.",normal,tissue+condition
train/normal thyroid/tiroides821 (36).png,Echographic appearance of the thyroid with normal features.,normal,tissue+condition
train/normal thyroid/tiroides821 (37).png,"A diagnostic ultrasound image of the thyroid, tagged as normal.",normal,tissue+condition
train/normal thyroid/tiroides821 (38).png,"A clinical ultrasound scan of the thyroid, categorized as normal.",normal,tissue+condition
train/normal thyroid/tiroides821 (39).png,"A diagnostic ultrasound image of the thyroid, tagged as normal.",normal,tissue+condition
train/normal thyroid/tiroides821 (4).png,This ultrasound image shows the thyroid with a normal label.,normal,tissue+condition
train/normal thyroid/tiroides821 (40).png,This ultrasound image shows the thyroid with a normal label.,normal,tissue+condition
train/normal thyroid/tiroides821 (41).png,Ultrasound of the thyroid with normal appearance.,normal,tissue+condition
train/normal thyroid/tiroides821 (42).png,"A clinical ultrasound scan of the thyroid, categorized as normal.",normal,tissue+condition
train/normal thyroid/tiroides821 (43).png,Ultrasound of the thyroid with normal appearance.,normal,tissue+condition
train/normal thyroid/tiroides821 (44).png,"A clinical ultrasound scan of the thyroid, categorized as normal.",normal,tissue+condition
train/normal thyroid/tiroides821 (45).png,Sonographic appearance of normal thyroid.,normal,tissue+condition
train/normal thyroid/tiroides821 (46).png,"A B-mode ultrasound of the thyroid, labeled normal.",normal,tissue+condition
train/normal thyroid/tiroides821 (47).png,A grayscale ultrasound image demonstrating normal changes in the thyroid.,normal,tissue+condition
train/normal thyroid/tiroides821 (48).png,A grayscale ultrasound image demonstrating normal changes in the thyroid.,normal,tissue+condition
train/normal thyroid/tiroides821 (49).png,This ultrasound image shows the thyroid with a normal label.,normal,tissue+condition
train/normal thyroid/tiroides821 (5).png,This ultrasound image shows the thyroid with a normal label.,normal,tissue+condition
train/normal thyroid/tiroides821 (50).png,An ultrasound image of the thyroid with normal findings.,normal,tissue+condition
train/normal thyroid/tiroides821 (51).png,Ultrasound of the thyroid with normal appearance.,normal,tissue+condition
train/normal thyroid/tiroides821 (52).png,This ultrasound image shows the thyroid with a normal label.,normal,tissue+condition
train/normal thyroid/tiroides821 (53).png,This ultrasound image shows the thyroid with a normal label.,normal,tissue+condition
train/normal thyroid/tiroides821 (54).png,An ultrasound image of the thyroid with normal findings.,normal,tissue+condition
train/normal thyroid/tiroides821 (55).png,"A B-mode ultrasound of the thyroid, labeled normal.",normal,tissue+condition
train/normal thyroid/tiroides821 (56).png,This sonogram of the thyroid is labeled normal.,normal,tissue+condition
train/normal thyroid/tiroides821 (57).png,Echographic appearance of the thyroid with normal features.,normal,tissue+condition
train/normal thyroid/tiroides821 (58).png,"A diagnostic ultrasound image of the thyroid, tagged as normal.",normal,tissue+condition
train/normal thyroid/tiroides821 (59).png,"A B-mode ultrasound of the thyroid, labeled normal.",normal,tissue+condition
train/normal thyroid/tiroides821 (6).png,Sonographic appearance of normal thyroid.,normal,tissue+condition
train/normal thyroid/tiroides821 (60).png,An ultrasound image of the thyroid with normal findings.,normal,tissue+condition
train/normal thyroid/tiroides821 (61).png,Ultrasound of the thyroid with normal appearance.,normal,tissue+condition
train/normal thyroid/tiroides821 (62).png,Sonographic appearance of normal thyroid.,normal,tissue+condition
train/normal thyroid/tiroides821 (63).png,This sonogram of the thyroid is labeled normal.,normal,tissue+condition
train/normal thyroid/tiroides821 (64).png,"A diagnostic ultrasound image of the thyroid, tagged as normal.",normal,tissue+condition
train/normal thyroid/tiroides821 (65).png,"A diagnostic ultrasound image of the thyroid, tagged as normal.",normal,tissue+condition
train/normal thyroid/tiroides821 (66).png,This ultrasound image shows the thyroid with a normal label.,normal,tissue+condition
train/normal thyroid/tiroides821 (67).png,"A clinical ultrasound scan of the thyroid, categorized as normal.",normal,tissue+condition
train/normal thyroid/tiroides821 (68).png,Echographic appearance of the thyroid with normal features.,normal,tissue+condition
train/normal thyroid/tiroides821 (69).png,"A clinical ultrasound scan of the thyroid, categorized as normal.",normal,tissue+condition
train/normal thyroid/tiroides821 (7).png,An ultrasound image of the thyroid with normal findings.,normal,tissue+condition
train/normal thyroid/tiroides821 (70).png,"A B-mode ultrasound of the thyroid, labeled normal.",normal,tissue+condition
train/normal thyroid/tiroides821 (71).png,A grayscale ultrasound image demonstrating normal changes in the thyroid.,normal,tissue+condition
train/normal thyroid/tiroides821 (72).png,This ultrasound image shows the thyroid with a normal label.,normal,tissue+condition
train/normal thyroid/tiroides821 (73).png,Ultrasound of the thyroid with normal appearance.,normal,tissue+condition
train/normal thyroid/tiroides821 (74).png,An ultrasound image of the thyroid with normal findings.,normal,tissue+condition
train/normal thyroid/tiroides821 (75).png,Sonographic appearance of normal thyroid.,normal,tissue+condition
train/normal thyroid/tiroides821 (76).png,This sonogram of the thyroid is labeled normal.,normal,tissue+condition
train/normal thyroid/tiroides821 (77).png,Sonographic appearance of normal thyroid.,normal,tissue+condition
train/normal thyroid/tiroides821 (78).png,An ultrasound image of the thyroid with normal findings.,normal,tissue+condition
train/normal thyroid/tiroides821 (79).png,This sonogram of the thyroid is labeled normal.,normal,tissue+condition
train/normal thyroid/tiroides821 (8).png,"A diagnostic ultrasound image of the thyroid, tagged as normal.",normal,tissue+condition
train/normal thyroid/tiroides821 (80).png,Sonographic appearance of normal thyroid.,normal,tissue+condition
train/normal thyroid/tiroides821 (81).png,"A clinical ultrasound scan of the thyroid, categorized as normal.",normal,tissue+condition
train/normal thyroid/tiroides821 (82).png,An ultrasound image of the thyroid with normal findings.,normal,tissue+condition
train/normal thyroid/tiroides821 (83).png,An ultrasound image of the thyroid with normal findings.,normal,tissue+condition
train/normal thyroid/tiroides821 (84).png,"A clinical ultrasound scan of the thyroid, categorized as normal.",normal,tissue+condition
train/normal thyroid/tiroides821 (85).png,A grayscale ultrasound image demonstrating normal changes in the thyroid.,normal,tissue+condition
train/normal thyroid/tiroides821 (86).png,A grayscale ultrasound image demonstrating normal changes in the thyroid.,normal,tissue+condition
train/normal thyroid/tiroides821 (9).png,"A B-mode ultrasound of the thyroid, labeled normal.",normal,tissue+condition
train/normal thyroid/tiroides9.png,Echographic appearance of the thyroid with normal features.,normal,tissue+condition
